benchmark_id,source_id,category_ar,category_en,subcategory_ar,title_ar,question_ar,reference_answer_ar
1,24,العبادات,Acts of Worship,الصلاة,حكم الصلاة عند طلوعِ الشمس,ما حكم الصلاة عند طلوعِ الشمس؟,أقول وبالله التوفيق: لا تصح صلاة الفرض، وسجدة التلاوة، وصلاة الجنازة، عند طلوعِ الشمس إلى أن ترتفع وتبيض قدر رمح أو رمحين، أما التنفل في هذه الوقت فهو صحيح مع الكراهة التحريمية؛ فعن عقبة بن عامر الجهني رضي الله عنه قال: ((ثلاث ساعات كان رسول الله صلى الله عليه وسلم ينهانا أن نصلي فيهن أو أن نقبر فيهن موتانا: حين تطلع الشمس بازغة حتى ترتفع، وحين يقوم قائم الظهيرة حتى تميل الشمس، وحين تضيف الشمس للغروب حتى تغرب))، في صحيح مسلم 1: 568، والمسند المستخرج 2: 424، وصحيح ابن حبان 3: 348، وسنن الترمذي 3: 348، وسنن أبي داود 3: 208. وعن ابن عباس رضي الله عنهما قال: ((شهد عندي رجال مرضيون وأرضاهم عندي عمر إن النبي صلى الله عليه وسلم نهى عن الصلاة بعد الصبح حتى تشرق الشمس وبعد العصر حتى تغرب))، في صحيح البخاري 1: 211. ينظر: مراقي الفلاح ص186-187، والله أعلم.
2,232,العبادات,Acts of Worship,الصلاة,إذا صلت المرأة ولم تغطي قدميها، هل تصح صلاتها,إذا صلت المرأة ولم تغطي قدميها، هل تصح صلاتها؟,نعم صحت صلاتها؛ لأن قدم المرأة ليس بعورة في الصلاة، فالتغطية للفتنة، وهي معدومة في الصلاة، كما أن الدين مرفوع فيه الحرج، وتغطية القدمين في الصلاة فيه حرج لا يخفى. ينظر: البحر الرائق 1: 284.
3,321,العبادات,Acts of Worship,الطهارة,الاستنجاء بالماء,ما حكم الاستنجاء بالماء؟,الاستنجاء بالماء أدب أو مستحب؛ لأنه صلى الله عليه وسلم فعله مرة وتركه أخرى، لكنه صار بعد عصره صلى الله عليه وسلم من السنن بإجماع الصحابة: كالتراويح؛ لما روي عن جماعة من الصحابة منهم: علي، ومعاوية، وابن عمر، وحذيفة بن اليمان رضي الله عنهم: أنهم كانوا يستنجون بالماء بعد الاستنجاء بالأحجار، حتى قال ابن عمر: فعلناه فوجدناه دواءً وطهوراً، فيكون غسله بالماء أفضل؛ لأنّ الإنقاء الحاصل به أكمل، وعن أنس بن مالك رضي الله عنه: ((إن رسول الله صلى الله عليه وسلم دخل غلام معه ميضأة هو أصغرنا فوضعها ثم سدرة فقضى رسول الله صلى الله عليه وسلم حاجته فخرج علينا وقد استنجى بالماء))، في صحيح مسلم 1: 227، وعن علي بن أبي طالب رضي الله عنه: ((إنهم كانوا يبعرون بعراً وأنتم تثلطون ثلطاً فاتبعوا الحجارة الماء))، في سنن البيهقي الكبرى 1: 106، والآثار لأبي يوسف 1: 7، ومصنف ابن أبي شيبة 1: 142. وعن أبي هريرة رضي الله عنه، قال صلى الله عليه وسلم: ((نزلت هذه الآية في أهل قباء (فيه رجال يحبون أن يتطهروا والله يحب المطهرين) قال: كانوا يستنجون بالماء فنزلت هذه الآية فيهم))، في سنن الترمذي 5: 280، وسنن أبي داود 1: 58، وسنن ابن ماجة 1: 128، لكن زيادة يتبعون الحجارة الماء رواه البزار عن الزهري من حديث ابن عباس بسند ضعيف كما في تخريج أحاديث الإحياء 1: 295، وينظر: الدراية 1: 95، ونصب الراية 1: 485. ينظر: المبسوط، 1/ 9-10، وبدائع الصنائع، 1/ 21، والعناية، 1/ 215، والله أعلم.
4,375,العبادات,Acts of Worship,الطهارة,المضمضة والاستنشاق باليد اليمنى,ما حكم المضمضة والاستنشاق باليد اليمنى في الوضوء؟,أقول وبالله التوفيق: المضمضة والاستنشاق باليد اليمنى في الوضوء أدب، فعن عائشة رضي الله عنها: «كَانَتْ يَدُ رَسُولِ اللَّهِ  الْيُمْنَى: لِطُهُورِهِ، وَطَعَامِهِ، وكَانَتْ يَدُهُ الْيُسْرَى: لِخَلَائِهِ، وَمَا كَانَ مِنْ أَذًى»، في سنن أبي داود 1/55، وشعب الإيمان 5/77، والسنن الكبرى للبيهقي 1/113. ينظر: تبيين الحقائق 1: 6-7، ومجمع الأنهر 1: 16، وبدائع الصنائع 1: 23-24، والله أعلم.
5,383,العبادات,Acts of Worship,الطهارة,أدعية الوضوء,ما حكم الأدعية التي تقال عند الوضوء، وهل صح منها شيئ عن النبي صلى الله عليه وسلم؟,"الجواب:
أقول وبالله التوفيق: من الأدب أن يدعو الله عند غسل كل عضو في الوضوء بالأدعية المأثورة عن السلف، فإن هذه الأدعية وإن لم يرد بها حديث عن النبي  لكن لا بأس بها ما لم ننسبها إلى النبي ، خاصة أنها وردت عن السلف، وهي داخلة تحت الأمر العام بذكر اللَّه، ولم يرد نهي عنها. ولم يصح عن النبي منها إلا قول الشهادتين، وقول: «سبحانك اللهم وبحمدك، لا إله إلا أنت، أستغفرك وأتوب إليك» بعد الفراغ من الوضوء، أما الباقي فهو وارد عن السلف. قال الطحطاوي في حاشيته على مراقي الفلاح، ص49: «قال ابن أمير حاج: سئل شيخنا حافظ عصره شهاب الدين ابن حجر العسقلاني عن الأحاديث التي ذكرت في «مقدمة أبي الليث» في أدعية الأعضاء، فأجاب بأنها ضعيفة، والعلماء يتساهلون في ذكر الحديث الضعيف، والعمل به في الفضائل، ولم يثبت منها شيء عن رسول الله  ، لا من قوله ولا من فعله اهـ. وطرقها كلها لا تخلو عن متهم بوضع، ونسبة هذه الأدعية إلى السلف الصالح أولى من نسبتها إلى رسول الله ؛ حذراً من الوقوع في مصداق: «من كذب علي متعمداً، فليتبوأ مقعده من النار». وعن هذا قالوا: كما في «التقريب»، و«شرحه»: إذا أردت رواية حديث ضعيف بغير إسناد، فلا تقل قال رسول الله  ، وما أشبه ذلك من صيغ الجزم، بل قل: روي عنه كذا، أو بلغنا، أو ورد، أو جاء، أو نقل، وما أشبهه من صيغ التمريض، كما يقبح في الضعيف صيغة الجزم، قال الهندي، وغيره: ولم يثبت منه إلا الشهادتان بعد الفراغ منه». وقال الكناني في تنزيه الشريعة، 2/70: «وقال في المنهاج: وحذفت دعاء الأعضاء إذ لا أصل له، وتعقبه الأسنوي فقال: ليس كذلك بل روى من طرق منها عن أنس ». وقال النووي في الأذكار، ص29: «وأما الدعاء على أعضاء الوضوء، فلم يجئ فيه شيء عن النبي صلى الله عليه وسلم، وقد قال الفقهاء: يستحب فيه دعوات جاءت عن السلف، وزادوا ونقصوا فيها». ومن هذه الأدعية: عند المضمضة: «اللهم أعني على تلاوة القرآن وذكرك وشكرك وحسن عبادتك». عند الاستنشاق: «اللهم أرحني رائحة الجنة، ولا ترحني رائحة النار».
وعند غسل وجهه: «اللهم بيِّض وجهي يوم تبيض وجوه وتسود وجوه». وعند غسل يده اليمنى: «اللهم أعطني كتابي بيميني، وحاسبني حساباً يسيراً». وعند غسل يده اليسرى: «اللهم لا تعطني كتابي بشمالي، ولا من وراء ظهري». وعند مسح رأسه: «اللهم أظلني تحت ظل عرشك يوم لا ظل إلا ظل عرشك». وعند مسح أذنيه: «اللهم اجعلني من الذين يستمعون القول فيتبعون أحسنه». وعند مسح عنقه: «اللهم أعتق رقبتي من النار». وعند غسل رجله اليمنى: «اللهم ثبت قدمي على الصراط يوم تزل الأقدام». وعند غسل رجله اليسرى: «اللهم اجعل ذنبي مغفوراً وسعيي مشكوراً وتجارتي لن تبور». وأن يسمي الله جل جلاله عند غسل كل عضو، وأن يصلي على النبي  بعد غسل كل عضو. وأن يقول بعد الفراغ من الوضوء: «أشهد أن لا إله إلا الله وأن محمداً عبد الله ورسوله». وأن يقول أيضاً بعد الفراغ من الوضوء: «سبحانك اللهم وبحمدك، لا إله إلا أنت، أستغفرك وأتوب إليك»، ينظر: تبيين الحقائق 1: 6-7، ومجمع الأنهر 1: 16، وبدائع الصنائع 1: 23-24، والتعليقات المرضية على الهدية العلائية ص25، والله أعلم."
6,424,العبادات,Acts of Worship,الطهارة,لو صلَّى قومٌ جماعة في ليلةٍ مظلمةٍ وتحرَّوا القبلة,لو صلَّى قومٌ جماعة في ليلةٍ مظلمةٍ وتحرَّوا القبلة، وتوجَّه كلُّ واحدٍ منهم إلى جهةِ تحرِّيه، ولم يعلم أحدٌ إلى أي جهةٍ توجَّه الإمام؟,جازت صلاتُهم جميعاً، بشرط أن لا يعلمُ كلُّ واحدٍ أنَّ الإمامَ ليس خلفَهُ. ينظر: شرح الوقاية ص143.
7,532,العبادات,Acts of Worship,الطهارة,تيمم الإمام لصلاة الجنازة,هل يجوز للإمام الذي خاف فوت صلاة الجنازة إذا اشتغل بالوضوء أن يتيمم للشروع في الصلاة ؟,أقول وبالله التوفيق: لو خاف الإمام فوت صلاة الجنازة فشرع فيها متيمماً، لم يجز؛ لأن مثله يٌنتظر، ولو صلوا فإن له حق الإعادة، ينظر: رد المحتار 1: 161، وشرح ابن ملك ق13/أ. وصححه صاحب الهداية 1: 27، والخانية 1: 63، والنسفي في الكافي، والله أعلم.
8,557,العبادات,Acts of Worship,الطهارة,نزع الخاتم عند التيمم,هل يجب على المرأة المتيممة نزع الخاتم أو السوار إن كانت تلبسه أثناء التيمم؟,أقول وبالله التوفيق: يجب عليها نزع الخاتم والسوار أو تحريكه؛ حتى يتحقق استيعاب مسح اليدين، والاستيعاب شرط لصحة التيمم. ينظر: شرح الوقاية ص106، والدر المختار 1: 158، والله أعلم.
9,579,العبادات,Acts of Worship,الطهارة,تيمم من غلب على ظنه عدم المنع,ما حكم صلاة من تيمم بعد أن غلب على ظنه عدم المنع ممن معه الماء؟,أقول وبالله التوفيق: لا يصح منه التيمم إن غلب على ظنه عدم المنع ممن معه ماء إذا طلبه؛ لأنه طلب في غير موضع ندرة الماء، فيكون حينئذ مبذول عادة. ينظر: غنية المستملي ص69، ورد المحتار 1: 167، والله أعلم.
10,586,العبادات,Acts of Worship,الطهارة,اقتداء المتوضئ بالمتيمم,هل يجوز اقتداء المتوضي بالمتيمم؟,أقول وبالله التوفيق: يجوز أن يقتدي المتوضئ بالمتيمم، والله أعلم.
11,626,العبادات,Acts of Worship,الطهارة,سنية تفريج الأصابع في المسح,ما حكم من مسحَ على خفيه ولم يفرِّج الأصابعَ أثناء المسح؟,أقول وبالله التوفيق: يجزئه لو مسحَ على الخف مقدارَ المفروض ـ وهو قَدْرُ طول وعرض ثلاثِ أصابعِ اليد ـ ولو لم يفرِّج الأصابعَ؛ لأن التفريج سنة وليس فرضاً في المسح، لكنه خالف السنة، ينظر: الوقاية وشرحها ص114، والهدية العلائية ص41، والله أعلم.
12,713,العبادات,Acts of Worship,الطهارة,استعمال الماء الذي غمس فيه إنسان محدث رجله أو يديه,ما حكم استعمال الماء الذي غمس فيه إنسان محدث رجله أو يديه؟,الماء الذي غمس فيه إنسان محدث رجله أو يديه لا يستعمل منه إلا ما تساقط عن الأعضاء أو لاقى الجسد فقط، وهو بالنسبة لباقي الماء قليل، فيجوز الوضوء والاغتسال به؛ لأن الماء الذي خالطه ماء مستعمل تكون العبرة فيه لغلبة الوزن، وهنا الماء المستعمل بالنسبة لباقي الماء قليل. ينظر: مراقي الفلاح، ص26-27، وحاشية الطحطاوي على المراقي، ص19-20، وبدائع الصنائع، 1/16، والاختيار، 1/20، واللباب، 1/18-19، والهدية العلائية، ص39-40.
13,749,العبادات,Acts of Worship,الطهارة,سؤر الدّجاجة المحبوسة,ما حكم سؤر الدجاجة التي تحبس في البيت وتعلف؟,أقول وبالله التوفيق: الدجاجة التي تحبس في بيت وتعلف، سؤرها طاهر ولا يكره استعماله؛ لأنها لا تجد عذرات غيرها حتى تجول فيها، وهي في عذرات نفسها لا تجول، بل تلاحظ الحب بينه، بخلاف الدجاجة المخلاة التي تجول في القاذورات، فلا يعلم طهارة منقارها من نجاسته، فإنه يكره استعمال سؤرها في الطهارة تنزيهاً مع وجود غيره مما لا كراهة فيه، ولا يكره عند عدم الماء المطلق؛ لأنه طاهر لا يجوز المصير إلى التيمم مع وجوده. ينظر: مراقي الفلاح 32، والسعاية 1: 465، ورد المحتار 1: 149، والله أعلم.
14,1046,العبادات,Acts of Worship,الصوم,صائم سال ريقه إلى ذقنه كالخيط فجذبه عمداً,صائم سال ريقه إلى ذقنه كالخيط فجذبه عمداً؟,لو سال ريقه إلى ذقنه كالخيط ولم ينقطع فجذبه ولو عمداً، فإنه لا يفسد صومه، كما في الهدية العلائية ص162.
15,1105,العبادات,Acts of Worship,الصوم,أذن الأذان الثاني للفجر في رمضان وفي فم الرجل لقمة طعام,أذن الأذان الثاني للفجر في رمضان وفي فمي لقمة طعام، فما الحكم؟,لو رميت اللقمة من فمك عند تذكرك أو عند طلوع الفجر، فإنه لا يفسد صومك، أمَّا لو ابتلعت اللقمة: فإن كان ابتلاع اللقمة قبل أن تخرج اللقمة من فمك، فعليك القضاء والكفارة؛ لأن النفس لا تعاف هذه اللقمة، وإن كان الابتلاع بعد إخراج اللقمة من الفم ولم تكن اللقمة حارّة بل كانت باردة تستقذرها النفس لا كفارة عليك بل القضاء فقط، إن كنت ممن يعاف مثل هذا، وإن كنت ممن لا يعاف مثل ذلك، فعليك الكفارة أيضاً، ينظر المبسوط 3: 141، والدر المختار ورد المحتار 2: 99، والهدية العلائية ص162-163، وبدائع الصنائع 2: 95، 100.
16,1117,العبادات,Acts of Worship,الصوم,حكم الصائم الذي أكل عمداً بعد حجامة، ظاناً أنه أفطر بذلك,ما هو حكم الصائم الذي أكل عمداً بعد حجامة، ظاناً أنه أفطر بذلك؟,إذا أفتاه فقيه يعتمد عليه بأنه أفطر بهذه الأشياء، أو سمع الحديث، وهو قوله صلى الله عليه وسلم: ((أفطر الحاجم والمحجوم))، ولم يعرف تأويله، عليه القضاء دون الكفارة، بخلاف ما لو عرف تأويله، أو اعتمد في الفطر على ظنه بدون فتوى، فتجب عليه الكفارة، ينظر بدائع الصنائع 2: 100.
17,1165,العبادات,Acts of Worship,الصوم,هل يعتبر كبر السن عذراً للإفطار في رمضان,هل يعتبر كبر السن عذراً للإفطار في رمضان؟,نعم يعتبر كبر السن عذراً للإفطار في رمضان، فيباح للشيخ الفاني أن يفطر في شهر رمضان، وعليه الفدية؛ لأنه عاجز عن الصوم، ومقدار الفدية مقدار صدقة الفطر، وهو أن يطعم عن كل يوم مسكيناً مقدار ما يطعم في صدقة الفطر، ينظر: الفتاوى الهندية 2: 207، وبدائع الصنائع 2: 97؛ لقوله تعالى: (وَعَلَى الَّذِينَ يُطِيقُونَهُ فِدْيَةٌ طَعَامُ مِسْكِينٍ) البقرة: 184، وهي على إضمار حرف (لا) في الآية أو على إضمار (كانوا) أي وعلى الذين كانوا يطيقونه: أي الصوم، ثم عجزوا عنه، فدية طعام مسكين. وعن عطاء سمع ابن عباس رضي الله عنهما يقرأ: (وَعَلَى الَّذِينَ يُطِيقُونَهُ فِدْيَةٌ طَعَامُ مِسْكِينٍ)، قال ابن عباس رضي الله عنهما: ليست بمنسوخة هو الشيخ الكبير والمرأة الكبيرة لا يستطيعان أن يصوما فيطعمان مكان كل يوم مسكيناً، في صحيح البخاري 4: 1638. ولأن الصوم لما فاته مست الحاجة إلى الجابر وتعذر جبره بالصوم فيجبر بالفدية، وتجعل الفدية مثلاً للصوم شرعاً في هذه الحالة للضرورة كالقيمة في ضمان المتلفات، ينظر: بدائع الصنائع 2: 97.
18,1271,العبادات,Acts of Worship,الطهارة,حكم قراءة ورد القرآن أثناء الحيض,إذا كنت في فترة حيض وملتزمة بورد يومي، هل يجوز قراءة القرآن من التلفون ويجوز بدون حجاب؟,أقول وبالله التوفيق: يجوز أن تقرأ القرآن بنية الذكر لا القرآنية أو أن لا تتلفظ به، ويجوز قراءة القرآن بغير حجاب، والأولى مع الحجاب، والله أعلم.
19,1326,العبادات,Acts of Worship,الطهارة,حكم الكدرة بعد نزول دم الحيض,بعد انتهاء فترة الحيض استمرت السوائل الداكنة مدة أربعة أيام، هل تجوز الصلاة؟,أقول وبالله التوفيق: كل ألوان الدم في مدة الحيض وهي عشرة أيام يعد حيضاً، وما أخبرته عنه يعد من الحيض، والله أعلم.
20,1448,الزواج والطلاق والنفقات,"Marriage, Divorce, and Expenditures",الزواج,حدود لبس الفتاة المخطوبة,ما حدود لبس الفتاة المخطوبة أمام خطيبها؟,أقول وبالله التوفيق: إن لم يعقد عليها فهي أجنبيةٌ فلا تكشف سوى الوجه والكفين، وإن كان عقد عليها يجوز أن تنكشف عليه، والله أعلم.
21,1455,الزواج والطلاق والنفقات,"Marriage, Divorce, and Expenditures",الزواج,الحديث مع المخطوبة عبر الهاتف,ما حكم الحديث عبر الهاتف مع المخطوبة قبل عقد النكاح؟,أقول وبالله التوفيق: يجوز الكلام على الهاتف ومباشرة، لكن بلا كشف للعورة وبما يوافق الشرع؛ لأنها امرأة أجنبية، والله أعلم.
22,1507,الزواج والطلاق والنفقات,"Marriage, Divorce, and Expenditures",حقوق الأولاد,حكم تسجيل الأملاك باسم البنات,امرأة لديها خمس بنات وأم وعشرة إخوة وأخوات، وليس عندها أولاد ذكور، وتريد أن تسجل أملاكها باسم بناتها، فما حكم فعلها؟,أقول وبالله التوفيق: يجوز لها أن تفعل ذلك؛ لأنه مالها، ولها حق أن تتصرف به كيف شاءت، والله أعلم.
23,1626,الزواج والطلاق والنفقات,"Marriage, Divorce, and Expenditures",الزواج,نقض الشرط المشروط في عقد الزواج,سيدة اشترطت على زوجها في عقد الزواج ألا يتزوج عليها، لكن بعد مدة تزوّج عليها دون علمها، ثم اكتشفت ذلك، فما الحكم؟ وهل يترتب على علاقتهما شيء؟,أقول وبالله التوفيق: هذا الشرط لغو لا قيمة، ولا عبرة به؛ لأن الشروط في عقود النكاح لا تعتبر، والله أعلم.
24,1670,الحظر والإباحة واللباس والزينة,"Prohibition, Dress, and Adornment",الحظر والإباحة,حكم اتفاق جميع النصارى على عقيدة التثليث,هل اتفاق النصارى على عقيدة التثليث عبر القرون تعتبر تواتراً ؟,أقول وبالله التوفيق: التواتر يكون في كل خبر بلغ رواته حداً يستحيل فيه التواطؤ على الكذب، وفي النصرانية لم يحصل هذا؛ لأنه في بداية أمره لم يكن متواتراً، الله أعلم.
25,1716,الزواج والطلاق والنفقات,"Marriage, Divorce, and Expenditures",الطلاق,حكم حلف الزوج على زوجته بـ(عليّ الحرام),رجل حلف على زوجته الخيّاطة بـ:عليّ الحرام منك إذا أتت النساء عندكِ وخِطت ثيابهن عندكِ، وقد قامت النساء بالمجيء والخياطة عند الزوجة، هل يقع الطلاق على الزوجة؟,أقول وبالله التوفيق: إن كان يقصد به الطلاق يقع طلاقاً، وإن كان يقصد به اليمين يجب عليه الكفارة، والله أعلم.
26,1742,الزواج والطلاق والنفقات,"Marriage, Divorce, and Expenditures",الطلاق,حكم طلاق الحامل,هل يقع الطلاق إذا طلق الرجل زوجته وهي حامل؟ وإذا أراد أن يراجعها، ماذا عليها أن تفعل؟,أقول وبالله التوفيق: إن كان لفظ الطلاق رجعياً مثل: أنت طالق، فيمكنه أن يراجعها ما لم تلد، ويمكنه مراجعتها باللفظ بأن يقول راجعتك، والله أعلم.
27,1775,الحظر والإباحة واللباس والزينة,"Prohibition, Dress, and Adornment",الحظر والإباحة,حكم النقاب في المذهب الحنفي,هل وجه المرأة وكفاها عورة في المذهب الحنفي؟ وما حكم النقاب عندهم مع ذكر مصادر معتمدة في المذهب للرجوع إليها بخصوص هذه الأحكام؟,أقول وبالله التوفيق: وجه المرأة ليس بعورة، وإنما تغطيه إن كان فيه فتنة، ويستحب لها التغطية لكمال التستر وبعداً عن الفتنة، والله أعلم.
28,1820,الزواج والطلاق والنفقات,"Marriage, Divorce, and Expenditures",الطلاق,حكم الجماع بعد الطلاق,رجل طلق امرأته، وأراد أن يرجعها، ولكنها رفضت، فقال لها: أنتِ محرمة علي الآن وأريد أن أغتصبك، وقام باغتصابها بنهار رمضان وهي صائمة، وأرسلها لأهلها، وهي عندهم من وقتها أي ما يقارب خمسة أشهر، فما حكم ذلك؟,أقول وبالله التوفيق: الجماع في رمضان كبيرة عظيمة وعليه كفارة الجماع، ولا كفارة على المرأة لأنها مكرهة على ذلك، ويعتبر مراجعاً لها بسبب هذا الجماع، فهي زوجته، والله أعلم.
29,1821,الزواج والطلاق والنفقات,"Marriage, Divorce, and Expenditures",الطلاق,حكم إرجاع المطلّقة قبل الدخول,ابنتي كانت مخطوبة، وقد عقد قرانها، ولكنها انفصلت عن خطيبها قبل الدخول، هل يحق له بعد الانفصال عنها الرجوع لها؟ أم تحرم عليه حرمة مؤبّدة؟,أقول وبالله التوفيق: إن لم يطلقها ثلاثًا، يجوز الرجوع له بعقد ومهر جديدين، والله أعلم.
30,1858,الزواج والطلاق والنفقات,"Marriage, Divorce, and Expenditures",العدة,الحكمة من تشريع العدّة للمتوفى عنها زوجها,هل الحكمة من تشريع العدّة للمتوفى عنها زوجها ألا يراها الرجال، أم وفاءً لزوجها واحترامًا له؟,أقول وبالله التوفيق: يصح هذه الوجوه وغيرها كحكم، والله أعلم.
31,1894,الحظر والإباحة واللباس والزينة,"Prohibition, Dress, and Adornment",الحظر والإباحة,مصافحة غير المحارم,هل يجوز لزوجة الأب مصافحة خطيب ابنة زوجها؟,أقول وبالله التوفيق: زوجة الابن بالنسبة لخطيب أو زوج بنت الأب يُعد رجلاً أجنبياً، فلا يصافح ولا تنكشف عليه، والله أعلم.
32,1903,الحظر والإباحة واللباس والزينة,"Prohibition, Dress, and Adornment",الحظر والإباحة,تعلّم الباليه للفتيات الصغيرات,ما حكم تسجيل فتاة بعمر الست سنوات في دورة لرقص الباليه؟,أقول وبالله التوفيق: يُكره تربية أولادنا على أمثال هذه الأفعال؛ لأنّها ستؤثّر على سلوكهم في المستقبل، والله أعلم.
33,1918,الذكر والتزكية والأخلاق,"Remembrance, Purification, and Ethics",العلاقات الاجتماعية,حدود طاعة الوالدين,غالبًا والدي يشجعني على أكل مال الغير ، لكنني في أكثر الأحيان لا أطيع والدي بهذا الشأن، وهذا سبب للجدال بيني وبينه، فماذا أفعل؟,أقول وبالله التوفيق: نطيع الوالدين في المباحات لا في المحرمات والمكروهات، ونستمر في برها مهما فعلا؛ لأنه واجب علينا، والله أعلم.
34,1945,الذكر والتزكية والأخلاق,"Remembrance, Purification, and Ethics",أخلاق وآداب,تحدث المسلم بما سمع,سيدة تشتكي من وجود جماعة في بلدها يقومون ببيع الأسلحة، وجميع أهل البلدة يعلمون ذلك، ولكنها حقيقة لم تر بعينها، وإنما سمعت فقط، فهل تأثم بفعلها؟,أقول وبالله التوفيق: إن كان الخبر ورد من مجموعة ثقات يأخذ حكم العيان، فيمكن للشخص التحدث به كأنه رآه، والله أعلم.
35,2117,الذكر والتزكية والأخلاق,"Remembrance, Purification, and Ethics",الدعاء والذكر,حكم التحسب على الناس الظالمة,ما حكم ترديد: «حسبي الله ونعم الوكيل» على الناس الظالمة؟,أقول وبالله التوفيق: يستحب الإكثار منها؛ لأنَّه اعتماد على الله وثقة به وتوكل عليه، والله أعلم.
36,2167,الذكر والتزكية والأخلاق,"Remembrance, Purification, and Ethics",الدعاء والذكر,حكم الدعاء بالآيات,هل يجوز أن ندعو بهذه الآية: {حَسْبُنَا اللّهُ سَيُؤْتِينَا اللّهُ مِن فَضْلِهِ وَرَسُولُهُ إِنَّا إِلَى اللّهِ رَاغِبُون}[التوبة:59]؟,أقول وبالله التوفيق: يستحب الدعاء بكل ما ورد في القرآن الكريم، والله أعلم.
37,2177,الزواج والطلاق والنفقات,"Marriage, Divorce, and Expenditures",العدة,خروج المعتدة من وفاة من بيتها,هل تمنع المعتدة لوفاة زوجها من المبيت خارج المنزل؟,أقول وبالله التوفيق: لا تخرج المعتدة من بيتها إلا لضرورة، ولا يحل لها المبيت خارج بيتها؛ لأنها إن احتاجت لأمر يمكن أن تفعله في النهار، والله أعلم.
38,2200,الذكر والتزكية والأخلاق,"Remembrance, Purification, and Ethics",الدعاء والذكر,الصيغة المعتمدة في الدعاء بعد الصلاة الإبراهيمية,"هل هذه هي الصيغة المعتمدة في الدعاء بعد الصلاة الإبراهيمية: «أن رسول الله  كان يدعو في الصلاة: «اللهم إني أعوذ بك من عذاب القبر، وأعوذ بك من فتنة المسيح الدجال ،وأعوذ بك من فتنة المحيا وفتنة الممات، اللهم إني أعوذ بك من المأثم والمغرم ».
فقال له قائل:ما أكثر ما تستعيذ من المغرم، فقال: «إن الرجل إذا غرم حدث فكذب،ويعد فأخلف» »، علماً بأن هذه هي الصيغة المشهورة في كتب الصحاح والسنن، والحديث موجود في صحيح البخاري ومسلم، وسنن أبي داود، والنسائي ومسند أحمد ، ولكن المنتشر بين الناس «اللهم إني أعوذ بك من عذاب جهنم»؟",أقول وبالله التوفيق: لا إشكال في استعمال أيّ من هذه الصيغ؛ لأن المسنون الدعاء، وكلٌّ منها تحقق ذلك، والله أعلم.
39,2215,الزواج والطلاق والنفقات,"Marriage, Divorce, and Expenditures",العدة,ضابط خروج المعتدة لوفاة من البيت,ما هي الضوابط لخروج المعتدة لوفاة الزوج من البيت؟ وما هي صور الضرورة في ذلك؟,أقول وبالله التوفيق: الخروج مقيد بالضرورة في أمر لا بد لها منه، ولا يمكن لأحد أن يكفيها إياه كمرض مثلاً، أو حاجة للكسب لعدم وجود نفقة تكفيها في عدتها، والله أعلم.
40,2242,العبادات,Acts of Worship,الطهارة,مفهوم الماء القَراح,ما معنى الماء القَراح؟,أقول وبالله التوفيق: أي الماء الصافي، والله أعلم.
41,2441,الحظر والإباحة واللباس والزينة,"Prohibition, Dress, and Adornment",الحظر والإباحة,حكم الأذان في أذن المولود,ما حكم الأذان للمولود الجديد في أذنه اليمنى، والإقامة في أذنه اليسرى؟,أقول وبالله التوفيق: الأذان والإقامة في أذن المولود مستحبٌ، والله أعلم
42,2500,العبادات,Acts of Worship,الطهارة,حكم استخدام الماء بقدر زائد عن الحاجة في الوضوء,بعد غسل أعضاء الوضوء، هل يجب زيادة شيء بسيط من الماء على حدود الفرض، يعني أن نغسل الفرض وزيادة للتأكيد ؟,أقول وبالله التوفيق: يستحب الزيادة في أعضاء الوضوء أثناء غسلها، والله أعلم.
43,2565,الزواج والطلاق والنفقات,"Marriage, Divorce, and Expenditures",العدة,حكم تعلم المرأة المعتدة عن بعد,هل يجوز للمرأة المتوفى زوجها أن تتعلم عن بعد في فترة العدة؟,أقول وبالله التوفيق: يجوز طالما أنها لا تخرج من بيتها، والله أعلم.
44,2587,الزواج والطلاق والنفقات,"Marriage, Divorce, and Expenditures",العدة,حكم استعمال الزيت للعلاج للمرأة المعتدة من وفاة زوجها,هل يجوز للمرأة المعتدّة من وفاة زوجها، أن تدهن شعرها بالزّيت إذا كانت تعاني من صداع شديد؟ وهل يعتبر هذا من الزّينة؟,أقول وبالله التوفيق: الأصل ألّا يكون للزّينة، وإن كان للزّينة فإن استعملت ضرورةً جاز، والله أعلم.
45,2588,الزواج والطلاق والنفقات,"Marriage, Divorce, and Expenditures",العدة,حكم دخول الصبي على المعتدة,أمي في عدة الوفاة، وهي كبيرة في العمر، هل يجوز أن يدخل عليها ابن بنت خالتها الذي بلغ من العمر اثنتي عشرة سنة، علماً بأن الصبي ابن أختها من الرضاعة؟,أقول وبالله التوفيق: لا تمنع المرأة من استقبال الأجانب في عدتها إن كان هناك محرم، ولم تكن هناك فتنة، أما في مسألتك هذه، فالصبي محرم عليها رضاعاً فيجوز دخوله مطلقاً، والله أعلم.
46,2615,الزواج والطلاق والنفقات,"Marriage, Divorce, and Expenditures",العدة,حكم الطلاق في العدة,هل يقع الطلاق في العدة؟ وكيف تكون صورته، مع ذكر المرجع في الفقه الحنفي؟,أقول وبالله التوفيق: الطلاق في العدة واقع، كما هو منصوص عليه في كل متون وشروح الحنفية، الله أعلم.
47,2617,الزواج والطلاق والنفقات,"Marriage, Divorce, and Expenditures",العدة,مكان اعتداد المرأة في طلاق البينونة الصغرى,هل تعتد المطلقة طلاق البينونة الصغرى في بيت الزوجية؟ وهل يجوز للزوج إرجاعها قبل انتهاء العدة من غير مهر وعقد جديدين وبدون موافقتها ايضاً؟,أقول وبالله التوفيق: الطلاق الرجعي يكون الإرجاع فيه بلا مهر ولا عقد ولا رضا، أما البائن فلا بد من المهر والعقد والرضا، ولكنها تعتد في بيت الزوجية في مكان تأمن على نفسها من زوجها؛ لأنها محرمة عليه، والله أعلم.
48,2661,الحظر والإباحة واللباس والزينة,"Prohibition, Dress, and Adornment",الحظر والإباحة,حكم قول كلمة «باي»,ما حكم كلمة (باي)؟ هل هي حرام، أم غير مستحبة؟,أقول وبالله التوفيق: البحث فيها متعلق بالأولية والأفضلية لا بالحرمة، فالأفضل أن يكون خطابنا بالعربية، والله أعلم.
49,2670,الذكر والتزكية والأخلاق,"Remembrance, Purification, and Ethics",الدعاء والذكر,القول المأثور لتشميت العاطس,ماذا يقال للعاطس بعد العطسة الثالثة؟,أقول وبالله التوفيق: لو عطس ثلاث مرات ينبغي أن يحمد الله في كل مرة، ولمن حضره أن يشمّته ما بينه وبين ثلاث مرات، فإن زاد على الثلاث فالعاطس يحمد الله، أما من حضره فبالخيار؛ إن شاء شمته وإن شاء لم يشمته، وكل ذلك حسن، كما في المحيط5: 329، والله أعلم.
50,2682,الحظر والإباحة واللباس والزينة,"Prohibition, Dress, and Adornment",الحظر والإباحة,حكم الرسائل التي فيها استحلاف بالنشر,كثيرًا ما تصلني رسائل بصيغة: أرسل هذا الدعاء لعشرة ، أو كرر الدعاء من أجل الشفاء وإذا لم تفعل فسيحصل لك شيء غير جيّد ، أو لن يغفر الله لك ، أو أستحلفك بالله أن ترسل الرسالة لكذا وكذا.... وغيرها، فهل هذا صحيح ؟ وما رأي الشرع بهذا الأمر؟,أقول وبالله التوفيق: هذا الاستحلاف لا عبرة به، ولا قيمة له شرعاً، وعليك عدم نشرها لأنها عادة تحمل فكرًا منحرفاً، والله أعلم.
51,2768,العبادات,Acts of Worship,الزكاة,دفع الزكاة للزوج الفقير,لو كانت المرأة غنية وزوجها فقير، قلتم أنه لا يجوز أن تدفع زكاة مالها له على قول أبي حنيفة، هل يجوز الأخذ بقول الصاحبين في هذه المسألة؟,أقول وبالله التوفيق: لا يفتى بقول الصاحبين في المسألة، وإنما الفتوى على قول أبي حنيفة، والله أعلم.
52,2830,الذكر والتزكية والأخلاق,"Remembrance, Purification, and Ethics",قراءة القرآن,الأفضلية بين سماع القرآن وقراءته,هل أجر سماع سورة البقرة كأجر قراءتها، وإن لم يتم الترديد مع القاريء؟,أقول وبالله التوفيق: أجر السماع كأجر القراءة إن كان فيه تأمل وتدبر، والله أعلم.
53,2832,الذكر والتزكية والأخلاق,"Remembrance, Purification, and Ethics",قراءة القرآن,حكم قراءة القرآن بدون فهم,أثناء تلاوة القرآن الكريم، هناك بعض الحروف والكلمات لا أفهمها وأحاول فهمها، هل هذا يجوز؟,أقول وبالله التوفيق: يمكن القراءة من مصحف مفسر مثل الجلالين، فيقرأ معنى كل ما لا يفهم، وهذا حسن، والله أعلم.
54,2834,الذكر والتزكية والأخلاق,"Remembrance, Purification, and Ethics",الدعاء والذكر,وقت قراءة الأذكار بعد الصلاة,هل يفضل قراءة آية الكرسي بعد إنهاء الصلاة تماما أي: بعد السنن الرواتب، أم بعد الفرض مباشرة؟,أقول وبالله التوفيق: الأولى أن نقرأ الأذكار وآية الكرسي وغيرها بعد السنن، فنصلي السنن بعد الفرض مباشرة، ونفصل بين الفرض والسنة بقولنا: «اللهم أنت السلام ومنك السلام تباركت وتعاليت يا ذا الجلال والإكرام»، ثلاث مرات، والله أعلم.
55,2912,الذكر والتزكية والأخلاق,"Remembrance, Purification, and Ethics",الدعاء والذكر,حكم قراءة آية الكرسي قبل أذان الفجر,هل يحرم قراءة آية الكرسي قبل أذان الفجر؟,أقول وبالله التوفيق: يستحب قراءتها في كل وقت، ومنه قبل الفجر، والله أعلم.
56,2931,الحظر والإباحة واللباس والزينة,"Prohibition, Dress, and Adornment",الحظر والإباحة,حكم تركيب الرموش,هل يجوز تركيب الرموش بمادة الغراء في البيت بحيث أستطيع إزالتها بعد فترة؟,أقول وبالله التوفيق: إن كان ذلك بهدف التزين للزوج، ولم يحدث ضرراً، فجائز ولا حرمة فيه ، مع التأكيد بأن تركيب مثل هذه الرموش يمنع صحة الوضوء لعدم وصول الماء إلى رموشها الطبيعية ، والله أعلم.
57,2971,الحظر والإباحة واللباس والزينة,"Prohibition, Dress, and Adornment",الحظر والإباحة,وقت القيلولة,ما معنى «تستحب القيلولة فيما بين المنجلين بين رأس الشعير وبين رأس الحنطة»؟,أقول وبالله التوفيق: المنجل: ما تحصد به الزرع، ومعنى القيلولة المستحبة ما بين المنجلين: أي بين داس الشعير وداس الحنطة، كما في المغرب1: 457، والله أعلم.
58,2973,العبادات,Acts of Worship,الصلاة,حكم صلاة المؤذن على النبي بعد الأذان بصيغة مختلفة,في بعض الأحيان يقول المؤذن بعد الأذان: صلى الله عليك يا رسول الله، هل تجزئ عن قول: اللهمّ صلّ على سيدنا محمد، نعرف أنّ اللهم دعاء، والعبارة الأولى مختلفة؟,أقول وبالله التوفيق: يجزئ كل منهما عن الآخر، وإن كانت الثانية أولى، والله أعلم.
59,2979,العبادات,Acts of Worship,الصلاة,حكم التقطيع في الصلاة,هل يعتبر من لا يواظب الصلاة تاركاً لها؟,أقول وبالله التوفيق: يحرم ترك فرض واحد، فكيف لمَن يترك فروضاً، فهو مرتكب لكبيرة عظيمة، ويعظم الإثم بكثرة ترك الفروض، والله أعلم.
60,2988,الذكر والتزكية والأخلاق,"Remembrance, Purification, and Ethics",التوبة,صحة تساقط ذنوب المسلم عند الركوع والسجود,هل صحيح أن ذنوب المصلي تتساقط عند الركوع والسجود؟,أقول وبالله التوفيق: المعروف أن الصلاة للصلاة كفارة لما بينهما، وهذا فيما يتعلق بالصغائر، والله أعلم.
61,3075,الذكر والتزكية والأخلاق,"Remembrance, Purification, and Ethics",التوبة,حكم التنكيت في مواضع العبرة,ما حكم تداول النكات التي تذكر القبر وما فيه؟,أقول وبالله التوفيق: كل النكات المتعلقة بالأمور الدينية إن كانت فيها استهزاء بأمر دينيّ يخشى الكفر بسببها، ويمكن أن تكون محرمةً لانتهاك الحرمات مثلاً، فالأولى تجنبها مطلقًا، خشية الوقوع في الحرام أو الكفر، والله أعلم.
62,3104,العبادات,Acts of Worship,الزكاة,حكم دفع الزكاة للأخت,هل يجوز لأخ أن يدفع لأخته غير المتزوجة في البيت مع أمها وأبيها زكاة؟,أقول وبالله التوفيق: يجوز دفع الزكاة وصدقة الفطرة للأخوة والأخوات، والله أعلم.
63,3239,العبادات,Acts of Worship,الزكاة,حكم إخراج زكاة الأنعام بالقيمة,هل يجوز في مذهب السادة الحنفية إخراج القيمة في زكاة الأنعام؟,أقول وبالله التوفيق: نعم يجوز إخراج جميع الزكاة بالقيمة، بما يكون أنفع للفقراء من طعام أو لباس أوغيرها، والله أعلم.
64,3300,الزواج والطلاق والنفقات,"Marriage, Divorce, and Expenditures",حقوق الأولاد,حكم هبة الأم بيتًا لبناتها في حياتها,ما حكم أن تكتب الأم بيتها باسم ابنتيها؟ وإذا كان لا يجوز، هل تستطيع البنتان أن تدفعا للأم جزءًا من ثمن البيت لتسجله باسمهما، أو تكتب البيت باسمهما، ثم تعطيا أخوات أمهما حقهن بعد وفاتها ؟,أقول وبالله التوفيق: إن لم يكن لها أولاد سوى البنتين يجوز أن تسجله باسمهما، والله أعلم.
65,3312,الزواج والطلاق والنفقات,"Marriage, Divorce, and Expenditures",حقوق الأولاد,حكم هبة الأب مالاً لأحد أبنائه,اشترى والدي مطعمًا وسجّله باسم أحد أولاده، وأصبح الولد يعمل في المطعم وحده، ويأخذ راتب ٦٠٠ دينار شهريًا منذ خمس سنوات، وهو على هذه الحال، هل أصبح المطعم حقًّا للولد والأب موجود، علمًا أن الإخوة معارضون لذلك؟,أقول وبالله التوفيق: الأصل أن المطعم للأب، والابن له الأجرة المحددة إلا إذا أعطى الأب المطعم له حقيقة، فيكون له، والله أعلم.
66,3332,العبادات,Acts of Worship,الطهارة,حكم تطهير الخزان بزيادة الماء فيه,هل يطهر الخزان الذي فيه ماء نجس بزيادة الماء فيه حتى يطوف الماء ويخرج منه؟,أقول وبالله التوفيق: إن تنجس الخزان يجب إخراج جميع الماء منه، ثم وضع ماء جديد مكانه، والله أعلم.
67,3343,الذكر والتزكية والأخلاق,"Remembrance, Purification, and Ethics",تزكية النفس وأمراضها,الغيبة,هل الغيبة من الكبائر؟,أقول وبالله التوفيق: الغيبة محرَّمة، والله أعلم.
68,3532,العبادات,Acts of Worship,الطهارة,حكمة فرضية الغُسل من الجنابة,لماذا شرع الله غُسل الجنابة علماً أن الإنسان طاهر، والجنابة حصلت من علاقة شرعية حلال؟,أقول وبالله التوفيق: هذا أمر تعبّدي يقصد منه النظافة والتطهر، والله أعلم.
69,3686,العبادات,Acts of Worship,الصلاة,حكم أداء صلاة الوتر قبل التهجد,عند القيام لصلاة التهجد هل تعاد صلاة الوتر؟,أقول وبالله التوفيق: لا تعاد صلاة الوتر؛ لأنه لا وتران في ليلة، وتأخير صلاة الوتر بعد التهجد على سبيل الاستحباب، والله أعلم.
70,3727,العبادات,Acts of Worship,الصلاة,حكم رد الإمام في الصلاة إذا نسي القراءة,إذا صلى الإمام ثم نسي أو أخطأ في القراءة، هل يجوز أن يذكِّره المأموم أو أي شخص في المكان خارج الصلاة؟ هل هناك فرق إذا كانت الصلاة فرض أو نافلة؟,أقول وبالله التوفيق: إذا قرأ الإمام مقدار ما يجب في الصلاة وهو ثلاث آيات ثمّ نسي فالأولى به أن يركع، ولا يلجأ المقتدي للفتح عليه، ويجوز للمقتدي أن يفتح عليه، ويجوز للإمام أن يأخذ منه الفتح، لكن لا يجوز له أن يأخذ من شخص خارج الصلاة؛ لأنه ليس في صلاته، فتبطل الصلاة إن أخذ الإمام ممن ليس معه في الصلاة، والله أعلم.
71,3779,العبادات,Acts of Worship,الصلاة,ما يتابعه المسبوق مع إمامه في التّشهد الأخير,عند جلوس الإمام للتّشهد الأخير، هل يقرأ المسبوق التّشهد فقط، أم يقرأ الصّلاة الإبراهيميّة أيضًا ؟,أقول وبالله التّوفيق: يقتصر على قراءة التّشهد فقط، والله أعلم.
72,3953,العبادات,Acts of Worship,الحج والعمرة,إشعار الهدي وما هو حكمه,ما معنى إشعار الهدي وما هو حكمه؟,الإشعار: هو شق جلد البدنة أو طعنها حتى يظهر الدم منها، وهو مكروه عند خوف سراية الجرح، وإن لم يخف السراية فهو حسن في الإبل دون البقر والغنم، لكن الإشعار لا يقوم مقام التلبية كتقليد الهدي مع السوق؛ فعن ابن عباس رضي الله عنهم، قال: ((صلى رسول الله صلى الله عليه وسلم الظهر بذي الحليفة، ثم دعا بناقته فأشعرها في صفحة سنامها الأيمن، وسَلَت الدم، وقلَّدها نعلين))[في صحيح مسلم 2: 912، وصحيح ابن حبان 9: 314، وسنن الدارمي 2: 91، وسنن أبي داود 2: 146]. ينظر: لباب المناسك ص117-118.
73,3983,الذكر والتزكية والأخلاق,"Remembrance, Purification, and Ethics",العلاقات الزوجية,حكم طلب المرأة السكن في بيت مستقل,أخت زوجي مع ابنها يعيشان معنا، و عمر ابنها ثلاثون عامًا، وكلاهما يتمتعان بصحة عقلية وجسدية جيدة، لكنهما لا يحاولان فعل أي شيء، فإن طلبتُ منهما مغادرة البيت والعيش في مكان آخر، فهل يكون عليّ إثم بهذا الطلب؟,أقول وبالله التوفيق: من حق المرأة مع زوجها أن تعيش في بيت منفصل، حتى تتزين لزوجها كما ترغب، وعلى زوجها أن يوفر لها ذلك، ولا يجوز له أن يسكن معها من لا ترضى به، والله أعلم.
74,3984,الذكر والتزكية والأخلاق,"Remembrance, Purification, and Ethics",العلاقات الزوجية,حكم إجبار الزوج زوجته على السكنى مع الزوجة الثانية,زوجي غير راضٍ عني؛ لأني أرفض أن تسكن زوجته الثانية معي بسبب ما حدث من مشاكل، فقسم البيت بيننا، وكل واحدة تسكن في قسم، لكنه غير راضٍ ويريدنا أن نسكن معًا ومعيشتنا واحدة، وضميري يؤنبني، بم تنصحوني؟,أقول وبالله التوفيق: ليس زوجك على حق فيما يطلب؛ لأن النساء لا تطيق بعضها البعض، والعيش معًا يسبب مشاكل كثيرة جداً، وعليك بالكلمة الطيبة معه، والله أعلم.
75,3998,الذكر والتزكية والأخلاق,"Remembrance, Purification, and Ethics",العلاقات الزوجية,حكم التصرف بمال الزوج دون إذنه,امرأة طلبت من زوجها مبلغًا من المال لتعطيه لأهلها، وبعد أن أذن لها تراجَع، وقال: لا تعطيهم من المال، لكن دون علمه وإذنِهِ أخذت جزءً من المال وأعطته لأهلها، وحلفت على القرآن كذبًا أنها لم تأخذ من المال، ما الحكم؟,أقول وبالله التوفيق: يحرم عليها أن تتصرف بمال زوجها بدون إذنه، ويحرم عليها الحلف كذِباً، والله أعلم.
76,4026,الزواج والطلاق والنفقات,"Marriage, Divorce, and Expenditures",حقوق الأولاد,وقت ذبح العقيقة,هل هناك عمر معيّن لذبح العقيقة؟,أقول وبالله التوفيق: العقيقة قربة مطلقة لوجه الله تعالى، وهذه القربة يمكن الإتيان بها في أي وقت مثل أي دم لوجه الله تعالى، والله اعلم.
77,4119,المعاملات والأمانات,Transactions and Trusts,الغصب,حكم أخذ المال من الأم دون علمها,ما حكم أخذ المال من الأم دون علمها؟,أقول وبالله التوفيق: لا يجوز أخذ مال الغير أمًا أو أبًا أو ابنًا دون إذنه؛ لأنَّه لا حق للتصرف بالمال لغير صاحبه، والله أعلم.
78,4231,المعاملات والأمانات,Transactions and Trusts,البيع,بيع وشراء الذهب بغير سعر السوق,سيدة تشتري ذهبًا من الناس بسعر أعلى مما يشتري تاجر الذهب، فهل هذا يندرج تحت لا يبيع أحدكم على بيع أخيه؟,أقول وبالله التوفيق: ليس هذا من البيع على بيع أخيك؛ لأن صورته أن يحصل تراضٍ بين طرفين ثم يتدخل ثالث ويشتري، وليس هذا منه، والله أعلم.
79,4253,الزواج والطلاق والنفقات,"Marriage, Divorce, and Expenditures",العدة,خروج المرأة في فترة عدة الوفاة,امرأة زوجها طلقها في ساعة غضب وتوفي في اليوم الثاني وتقول: أنها لم تعتد؛ لأنها مطلقة، ولديها طفلان لديهما مشكلة في السمع، وكانت تذهب بهما إلى مراكز ولا يوجد أحد غيرها يقوم في هذا المهمة، وتقول: ماذا عليها أن تفعل هل عليها إثم؟,أقول وبالله التوفيق: إن طلقها زوجها وهو غضبان بحيث خرجت تصرفاته عن المعتاد من ضرب وشتم وسب وكسر، فلا يقع الطلاق، وإن طلقها طلاقا رجعيا فيكون رجعيا، وتعتد الآن عدة الوفاة، وإن طلقها بائنا فتعتد عدة الطلاق لا عدة الوفاة، وفي جميع صور العدة إن كان هناك ضرورة للخروج من بيتها فيجوز لها الخروج، والله أعلم.
80,4254,الزواج والطلاق والنفقات,"Marriage, Divorce, and Expenditures",الطلاق,التحريم المؤبد على الزوجة,رجل بعث رسالة عبر الواتس إلى زوجته، قال لها: أنت محرمة عليّ ليوم الدين بسبب خلاف وقع بينهما، فما الحكم ؟,أقول وبالله التوفيق: هذا يمين، ويجب كفارة يمين إلا إذا نوى الطلاق فيقع طلاقا، وعليه أن يراجع المفتي؛ للتثبت من الصورة، والله أعلم.
81,4259,الزواج والطلاق والنفقات,"Marriage, Divorce, and Expenditures",حقوق الأولاد,الأب على الأولاد,هل نفقة الأب على أبنائه الذكور والإناث تبقى واجبة عليه إذا كانوا فقراء كبار؟,أقول وبالله التوفيق: نفقة البنات الفقيرات واجبة على الأب وإن كنّ كبارًا، بخلاف الأبناء فتجب نفقتهم على أنفسهم؛ لأنهم قادرون على الكسب إلا إذا كانوا عاجزين عن الكسب، والله أعلم.
82,4322,الحظر والإباحة واللباس والزينة,"Prohibition, Dress, and Adornment",التزين واللباس,تاتو لإعادة الحاجب لهيئته الطبيعية,امرأة كبرت في السن أو لحقها مرض أدى إلى سقوط شعر الحاجب فأصبح لا يطاق النظر إليها ،فتقوم بعمل تاتو أو وشم للحاجب لشكل يقارب الحاجب أو ما كانت عليه، ما حكم ذلك ؟,أقول وبالله التوفيق: إن كان في ذلك فتنة أو زينة لغير زوجها فلا يجوز، وإلا جاز، والله أعلم.
83,4505,العبادات,Acts of Worship,الصلاة,حكم نسيان الصلاة الإبراهيمية,ما حكم نسيان الصلاة الإبراهيمية في القعدة الأخيرة في الصلاة ؟,أقول و بالله التوفيق: الصلاة الإبراهيمية سنة، فلا يلزم بتركها سجود السهو، والله أعلم
84,4512,العبادات,Acts of Worship,الصلاة,الصلاة الإبراهيمية وصيغتها,ما حكم ألفاظ الصلاة الإبراهيمية ؟,أقول وبالله التوفيق: الصلاة على النبي صلى الله عليه وسلم في الصلاة سنة، ولفظ الصلاة الإبراهيمية هو السنة، والله أعلم.
85,4514,العبادات,Acts of Worship,الصلاة,حكم رجوع المصلي لموضع السهو,امرأة تضطر أن تصلي جالسة، وأحياناً تسهو في الصلاة الرباعية بعد السجود الثاني في الركعة الثانية، فبدل أن تضع يديها على ركبتيها لقراءة التشهد، تقوم بوضع يديها على صدرها وكأنها في الركعة الثالثة، وقبل أن تشرع بقراءة الفاتحة تتذكر أنها سهت، هل يجوز أن تعود لموضع التشهد، وتكمل الصلاة ؟,أقول وبالله التوفيق: وضع اليدين سنة، فالخطأ فيه لا يضر، وليس عليها شيء، والله أعلم.
86,4537,المعاملات والأمانات,Transactions and Trusts,البنوك,شراء سيارة من البنك الإسلامي,أريد أن أسأل عن حكم شراء سيارة عن طريق البنك الاسلامي.,أقول وبالله التوفيق: معاملات شراء السيارات عن طريق البنوك الإسلامية جائزة؛ بسبب التزامها بالأحكام الفقهية، والله أعلم.
87,4601,العبادات,Acts of Worship,الصلاة,الجمع بين الصلوات بسبب المرض,أنا مرضت من شهر ودخلت المستشفى من كورونا ( ٨ ) أيام من التهاب رئة، وكنت أصلي نظرًا للظروف المحيطة، فكنت أجمع الظهر والعصر والمغرب والعشاء، فهل أعيد الصلاة خلال أسبوع المرض؟,أقول وبالله التوفيق: ليس هذا بعذر للجمع، ويلزم إعادة الصلاة؛ لأنها كانت باطلة، والله أعلم.
88,4663,العبادات,Acts of Worship,الصلاة,مدة القصر للمسافر,ما المدة المسموح بها صلاة القصر والجمع للمسافر إذا استقر في بلد شهرين فقط، يعني عند وصوله هذا البلد كم يومًا يستطيع أن يقصر ويجمع الصلاة، وإقامته شهران أو أكثر؟,أقول وبالله التوفيق: يكون القصر للمسافر وهو لم ينو الإقامة في بلدة أكثر من أربعة عشر يومًا وما دونه، فأما إذا أقام في بلد أو قرية أكثر من خمسة عشر يومًا فيتم الصلاة، وهذه مسألتكم حيث لا يجوز القصر؛ لنيته شهرين، والله أعلم.
89,4684,العبادات,Acts of Worship,الصدقة,تسجيل غير المحتاج في جمعيات,ما حكم التسجيل بجمعيات من أجل الحصول على مساعدات في هذه الحالة لغير المحتاجين؟,أقول وبالله التوفيق: إذا كان يملك نصاباً وهو 100 غرام من الذهب لم يجز له أن يأخذ المساعدة ولا التسجيل لها، والله أعلم،
90,4700,العبادات,Acts of Worship,الزكاة,زكاة المال المدخر,أم لأيتام تدخر مبلغ 2000 منذ سنتين، ومبلغ 2000 حصلت عليه شهر 12، فهل على المبلغ زكاة، وما المقدار؟,أقول وبالله التوفيق: لا تجب عليها الزكاة؛ لعدم حولان الحول على نصاب الزكاة، ونصاب الزكاة قيمة 100 غرام من الذهب، والله أعلم.
91,4786,الحظر والإباحة واللباس والزينة,"Prohibition, Dress, and Adornment",الحظر والإباحة,الولايات الصغرى لغير المسلم في بلاد المسلمين,ما صحة هذا الكلام: اختلف الفقهاء حول مدى مشروعية مشاركة غير المسلمين في أعمال السياسة المتعلقة بالمسلمين لاسيما في أعمال الشورى ومجالسها داخل الدولة ونسب القول للحنفية في جواز هذه الأعمال كالشورى وغيرها؟,أقول وبالله التوفيق: لا يمنع مشاورة غير المسلمين فيما يحتاج إليه أهل السياسة، ويجوز أن يكون لغير المسلمين ممثلين في مجالس الشورى، والله أعلم .
92,4890,الحظر والإباحة واللباس والزينة,"Prohibition, Dress, and Adornment",التزين واللباس,زرع شعر الحاجب,ما حكم زرع شعر الحاجب علما أنه يتساقط كثير منه، فهل زرع الشعر حلال أم حرام؟,أقول وبالله التوفيق: زراعة الحاجب جائزة، إن لم يكن في الزراعة ضرر أو فتنة للأجانب، والله أعلم.
93,4903,الحظر والإباحة واللباس والزينة,"Prohibition, Dress, and Adornment",الحظر والإباحة,الحقن المجهري,الذهاب إلى طبيب لفصل الحيوانات المنوية الذكرية عن الأنثوية ؛ للرغبة في إنجاب الذكور أو العكس؟,أقول وبالله التوفيق: إن لم يكن فيه كشف للعورات، ولا ضرر جاز، والأولى توكيل الأمر لله تعالى، والله أعلم.
94,4920,الذكر والتزكية والأخلاق,"Remembrance, Purification, and Ethics",تزكية النفس وأمراضها,مشاركة الأهل في التعبد,كيف لنا أن نتعبد في البيوت بمشاركة الأهل؟,أقول وبالله التوفيق: يمكن للأب والأم في بيتهم مع أولادهم أن يعيشوا هذا الشهر بتمام حقيقته من التوجه لله تعالى، فيحرصوا على ترسيخ فكرة الحفاظ على الأذكار وقراءة القرآن مع أبنائهم وبناتهم، فهي من أبرز العوامل في حفظ هذا الجيل بعد ظهور خطورة النت ومواقع التواصل وغيرها من تحديدات العصر، فيصبح أبناؤهم من أهل الذكر والقرآن، وذلك من خلال فعل الأذكار معًا صباحا ومساء، وكذلك التنافس معا في قراءة القرآن، وبعد التوقف لصلاة التراويح في المساجد بسبب هذه الجائحة فعلينا أن نقيمها في بيوتنا، ونحافظ عليها فرادى وجماعة فلا نتركها، وعلينا مشاركة السحور معًا؛ لأن فيه مجاهدة كبيرة نحتاج أن نشترك فيها، والله أعلم.
95,4933,الزواج والطلاق والنفقات,"Marriage, Divorce, and Expenditures",الرضاع,صلة الأم في الرضاع بأبي الرضيع,علا زوجة عمار وأنجبت عبدالله، ومرام زوجة علاء وأنجبت ملك، ومرام أرضعت عبدالله ابن عمار مع ملك، فهل تنكشف مرام على عمار والد عبدالله؟,أقول وبالله التوفيق: لا يوجد صلة قرابة بين عمار وأم ولده في الرضاع، فهو أجنبي، فلا تنكشف عليه، والله أعلم.
96,5013,الزواج والطلاق والنفقات,"Marriage, Divorce, and Expenditures",النفقات,حكم نفقة الأم على ابنتها,هل يوجب الشرع على الأم؛ أن تنفق على ابنتها الكبرى، الغير متزوجة، وتسكن معها في نفس البيت؟,أقول وبالله التوفيق: لا تجب نفقة البنت على الأم، إلا إذا كانت البنت فقيرة، والأم غنية، فعليها أن تنفق عليها وترجع بالنفقة على الأب إن كان فقيراً متى صار قادراً، والله أعلم.
97,5025,الزواج والطلاق والنفقات,"Marriage, Divorce, and Expenditures",النفقات,أخذ الزوجة المال دون علم الزوج,زوج مقتدر لا يعطي زوجته ما تطلب من المال، ولكنه يقول لها خذي ما تريدين خجلًا من أن تشعره أنه مقصر، وهي تعلم أين يضع الفلوس ولكنه لا يعلم أنها تعلم، وهي تأخذ بعض الأحيان ما تحتاج دون علمه لأي سبب كان ومنها أنها تحب الصدقة، وهي لا تريد إخباره أنها تعلم أين يضع المال لعلمها أنه سيحزن ويسأل لماذا أخذته؟ وماذا ستفعل به ؟ وهي تجد مذلة في سؤاله وعدم حقه باستئثاره بالمال، وكل الأملاك باسمه واسمها قانونيًا، فهو بين الحرص والبخل، فهل لها أن تأخذ ما تحتاج من المال دون علمه؟,أقول وبالله التوفيق: لا بد لك من الجلوس مع زوجك لبيان مالك وما عليك في هذا المال، فما كان لكِ، فأنت مالكة له، تتصرفين به كما تشائين، وإلا فإن مال الزوج لا يجوز التصرف أو الأخذ منه إلا بإذنه صراحةً أو دلالة، والله أعلم.
98,5040,الذكر والتزكية والأخلاق,"Remembrance, Purification, and Ethics",العلاقات الزوجية,الأَخذ من المال المشترك بين الأَزواج دون علم الآخر,أُساهم مع زوجي في البيت، وأَشترك معه في المصروف والقروض المالية، وهو يتشدد علينا في المصروف ويحاسبنا، هل يحق لي الأَخذ من هذا المال دون علمه؟,أقول وبالله التوفيق: الأولى أن تجلسي معه وتحددي اشتراكاً ومساهمة في مقدار معين من المال، ويكون لك حق التصرف في المال الآخر لأنه مالك، وهذا من حقك، والله أعلم.
99,5072,المعاملات والأمانات,Transactions and Trusts,البنوك,امتلاك السلعة في بيع التقسيط,جماعة من الناس اشتركوا في صندوق استثماري بحيث كل فرد يدفع 10 دنانير شهريًا، وبعد ستة أشهر «عندما يصبح هناك في الصندوق رأس مال» والمسؤول عن الصندوق وهو أحدهم يمول من اشترك بالصندوق أو غيرهم ليشتروا حاجيات «ثلاجة ـ هاتف ـ غسالة...الخ» بشراء الشيء لهم أقساط ووضع نسبة مرابحة 12% على الشيء المشترى، الآن السؤال: هل يجوز من مسؤول الصندوق أن يعطي المال مباشرة للمشتري بأن يوكله بشراء حاجته، وبعد ذلك يسدد المبلغ على عدة أشهر وتُحسب عليه نسبة المرابحة، أم يشترط أن يشتري المسؤول له الغرض ويعطيه إياه؟,أقول وبالله التوفيق: يشترط للمسؤول أن يشتري الحاجيات لنفسه ثم يبيعه أقساطًا، والله أعلم.
100,5079,الذكر والتزكية والأخلاق,"Remembrance, Purification, and Ethics",الدعاء والذكر,قراءة أذكار النوم على جنابة,ما حكم قراءة أذكار النوم، ومن ضمنها آية الكرسي وأواخر سورة البقرة والمعوذات على جنابة قبل الاغتسال؟,أقول وبالله التوفيق: تصح القراءة بنية الذكر لا القرآنية، والله أعلم.
101,5087,الذكر والتزكية والأخلاق,"Remembrance, Purification, and Ethics",الدعاء والذكر,التشجيع على الذكر عن طريق وسائل التواصل الاجتماعي,سيدة تملك مجموعة على إحدى وسائل التواصل للتشجيع على ذكر الله تعالى وما شابه كنوع من التحفيز، فطلبت من الجميع أن يرسلوا عدد استغفارهم في اليوم للتحفيز على ذكر الله ، هل يعدّ هذا رياءً؟,أقول وبالله التوفيق: كل ما يدعو لذكر فهو خير، وتذكير الناس بالله من أعظم القربات، وبحثٌ يحتاج إلى تصفية وتنقية وإخلاص، فيمكن أن يُعالج، لكن لا نترك ذكر الله والدعوة له خشية الوقوع في الرياء، والله أعلم.
102,5095,الذكر والتزكية والأخلاق,"Remembrance, Purification, and Ethics",الدعاء والذكر,ذكر وقت السحر,هنالك قول أحد الدعاة عن ابن القيم: الذكر قبل الفجر بساعة بدعة، لماذا؟,أقول وبالله التوفيق: هذا خير عظيم نسأل تعالى أن يرزقنا إياه، والله أعلم.
103,5106,الذكر والتزكية والأخلاق,"Remembrance, Purification, and Ethics",الدعاء والذكر,قراءة الكتابية الرقية على مسلمة,قرأت كتابية على مسلمة بعض الأدعية للرقية، هل يجوز ذلك؟,أقول وبالله التوفيق: يحرم مثل هذا الفعل، وإنما تكون الرقية بكلام الله تعالى والذكر الخالص من المسلمين لا من الكافرين؛ لأنهم محل السخط والعذاب، والله أعلم.
104,5118,الذكر والتزكية والأخلاق,"Remembrance, Purification, and Ethics",العلاقات الاجتماعية,استعمال الأكاليل في زينة رمضان,ما حكم شراء زينة لرمضان على شكل أكاليل؟,أقول وبالله التوفيق: يجوز التزيين بالأكاليل وغيرها؛ لأنه من تعظيم شعائر الله، وإظهار الفرحة بالشهر العظيم، والله أعلم.
105,5120,الذكر والتزكية والأخلاق,"Remembrance, Purification, and Ethics",صلة الرحم,قطع الأرحام,هل قطيعة الأرحام تبطل الأعمال؟,أقول وبالله التوفيق: قطيعة الرحم لا تبطل العمل، ولكن الله عز وجلّ لا يتقبل إلا من المتقين، وليس من التقوى القطيعة، والله أعلم.
106,5151,الذكر والتزكية والأخلاق,"Remembrance, Purification, and Ethics",بر الوالدين,دعاء الأم على أحد أبنائها ظلمًا,سيدة تشتغل بالدعاء كثيرًا على ابنتها لخطأ أو غير خطأ، وبالمقابل لا تتعامل بنفس هذا الأسلوب مع بقية الإِخوة، فهل يُقبل دعاء الأُم عند الله تعالى؟,أقول وبالله التوفيق: إن لم يكن الدعاء بحق لا يقبل، والأولى أن تترك الدعاء إلا بخير، وأن تساوي بين أولادها، والله أعلم.
107,5152,الذكر والتزكية والأخلاق,"Remembrance, Purification, and Ethics",بر الوالدين,عصيان الأم في طلاق الزوجة,ما حكم أن تأمر الأم ابنها أن يُطلق زوجته رغماً عنه، ويقابل ابنها طلبها بالرفض، وتقابله أمه بغضبها عليه؟,أقول وبالله التوفيق: لا بد من المحافظة على برّ الأم بكل سبيل ليس فيه معصية الله تعالى، وتطليق الزوجة ظلمٌ لها، وهو معصيةٌ فلا يُطاع الأب والأم فيه ما لم تكن هذه الزوجة مؤذية ومضرّة بالأسرة لكثرة فتنها، والله أعلم.
108,5235,الحظر والإباحة واللباس والزينة,"Prohibition, Dress, and Adornment",الحظر والإباحة,حكم التصفيق بعد كلمة,ما حكم التصفيق بعد إلقاء كلمة أو أنشودة؟,أقول وبالله التوفيق: هذا من المباحات، ولا يوجد ما يمنع منه شرعًا، والله أعلم.
109,5240,الذكر والتزكية والأخلاق,"Remembrance, Purification, and Ethics",الدعاء والذكر,تعليق المشيئة بالدعاء,ما حكم قول: «إن شاء الله تعالى» بعد الدعاء؟,أقول وبالله التوفيق: جاء في الحديث عن أبي هريرة أن رسول الله صلى الله عليه وسلم قال: «لا يقولنَّ أحدكم: اللهمَّ اغفر لي إن شِئت، اللهم ارحمني إن شِئت. ليعزم في الدعاء؛ فإنَّ الله صانع ما شاء لا مكره له» (رواه البخاري: [6339]، ومسلم: [2679]). قال النووي: «عزم المسألة: الشدة في طلبها، والحزم من غير ضعف في الطلب، ولا تعليق على مشيئة ونحوها»، والله أعلم.
110,5247,الحظر والإباحة واللباس والزينة,"Prohibition, Dress, and Adornment",الحظر والإباحة,حكم استخدام النغمات التي تخرج من الآلات الحديثة:,ما حكم استخدام الحاسوب أو الآلات الحديثة التي تخرج نغمات، واستخدام الصوت البشري بدلاً من الآلات الموسيقية؟,أقول وبالله التوفيق: لا يختلف الحكم بين الآلات الموسيقية والحاسوب والآلات الحديثة إن أخرجت صوتاً موسيقياً، ويمكن التجاوز فيما يكون من صوت الإنسان، والله أعلم.
111,5254,الحظر والإباحة واللباس والزينة,"Prohibition, Dress, and Adornment",الحظر والإباحة,حكم تعليق الصور في الغرف,ما حكم تعليق صور الأطفال على الجدران أو وضعها على المكتب مثلا، هل هذا حرام، وهل يمنع من الصلاة في أماكن وجودها؟,أقول وبالله التوفيق: الصورة الفوتغرافية ليست هي المقصودة بمنع دخول الملائكة أو الحرمة في وضع الصور، وإنما المقصود الصورة المرسومة أو المنحوتة أو المنقوشة، فهي التي كانت في عصر النبي صلى الله عليه وسلم، فوقع النهي عنها، ولذلك يجوز تعليق الصور الفوتغرافية على الجدارن وغيرها بلا كراهة، والله أعلم.
112,5271,الحظر والإباحة واللباس والزينة,"Prohibition, Dress, and Adornment",الحظر والإباحة,وضع قطع من السجاد عليها رسومات للمأكولات,تنتشر في الأسواق قطع من السجاد للمطابخ عليها رسومات مأكولات، هل يجوز استخدامها أم يُتحرز عن ذلك؟,أقول وبالله التوفيق: لا بأس في استخدامها؛ لعدم وجود محظور، والله أعلم.
113,5305,العبادات,Acts of Worship,الزكاة,زكاة مال الصغار,الأم تشتري لبناتها الصغار بعض الذهب ويحول الحول ويصل إلى النصاب فهل عليه زكاة؟ وأحيانا الأب يشتري وأحياناً تصل هدايا للبنات الصغار؟,أقول وبالله التوفيق: الزكاة تجب على البالغ ولا تجب على مال الصغار ولو بلغ نصاباً وحال عليه الحول، والله أعلم.
114,5368,العبادات,Acts of Worship,الصوم,بخاخ الأنف للصائم,أنا محتاج لبخاخ الأنف لوقف الاحتقان من آثار الفايروس، هل استخدامه من المفطرات؟,أقول و بالله التوفيق: البخاخ من المفطرات؛ لأن له جرم، لذلك لا يجوز لك استخدامه في نهار رمضان، والله أعلم.
115,5382,الذكر والتزكية والأخلاق,"Remembrance, Purification, and Ethics",العلاقات الزوجية,المداعبة مع الزوجة في وقت الصوم,هل يفطر الصوم بمداعبة الزوجة والمفاخذة دون الإنزال أو الإيلاج؟,أقول وبالله التوفيق: لا يفطر الملاعبة ما دام لا ينزل المني بالدفق والشهوة، لكن مثله يخشى منه كثيرًا حصول الإنزال أو الجماع الحقيقي، فالأولى تجنبه، والله أعلم.
116,5402,الذكر والتزكية والأخلاق,"Remembrance, Purification, and Ethics",قراءة القرآن,حكم قراءة القرآن من الهاتف بغير وضوء,هل يشترط الوضوء لقراءة القرآن من الهاتف؟,أقول وبالله التوفيق: القراءة لا يشترط لها الوضوء، وإنما يحرم مس المصحف بغير طهارة، وإن كان المصحف على كل شاشة الهاتف فيأخذ حكم المصحف الورقي، إلا إذا كان للهاتف غلاف ينفصل عنه فيمكن مسكه به، والقراءة بشرط عدم مماسة القرآن المفتوح على الشاشة، والله أعلم.
117,5409,الحظر والإباحة واللباس والزينة,"Prohibition, Dress, and Adornment",الحظر والإباحة,بيع وشرب واستعمال الكحول,ما حكم بيع وشرب واستعمال الكحول الطبيعية والصناعية؟,"أقول وبالله التوفيق: الكحول تقسم إلى طبيعية وصناعية.
الأولى: الطّبيعية، ولها ثلاثة صور: أ.أن تكون مستخرجة من الخمر، وهو نجس بالاتفاق، ويحرم شربه وبيعه إلا لضرورة، قال شيخنا العثماني في فقه البيوع (1: 282): «أما استعمالها للتداوي، فإنّ فتوى المتأخرين من الحنفية على قول أبي يوسف: أن التداوي بالمحرّم يجوز إن عرف أنه فيه شفاء، ولم يعرف دواء آخر، وهذا الحكم عندهم يعم جميع المُحرَّمات حتى الخمر».
ب.إن تكون مستخرجة من الأشربة الثّلاثة، وهي العصير ـ أي عصير العنب طبخ فذهب أقل من ثلثيه ثم غلى واشتد وقذف بالزبد ـ، ونقيع التمر ونقيع الزبيب ـ أي إذا نقع في الماء وغلى واشتدّ وقذف بالزَّبد ـ، فإن يحرم شرب قليلها وكثيرها ويُحدُّ في كثيرها، بخلاف الخمر فإنه يحرم ويحد في القليل والكثير. وهذه الأشربةُ يجوز بيعُها، قال السَّرخسي في المبسوط (24: 15): «وهذا لأنّه ليس من ضرورة حرمة التَّناول حرمة البيع، فإنّ الدُّهن النَّجس لا يحلُّ تناوله، ويجوز بيعُه، وكذلك بيع السِّرقين جائزٌ، وإن كان تناوله حراماً، والسِّرقين محرم العين، ومع ذلك كان بيعه جائزاً، فكذلك المنصف، وما أشبهه، وبطلان بيع الخمر عرفناه بالنص الوارد فيه، وما عُرف بالنِّصِّ لا يُلحق به إلا ما يكون في معناه من كلِّ وجه.
وهذه الأشربة ليست في معنى الخمر من كلِّ وجهٍ بدليل حكم الحدِّ، وحكم النَّجاسة، فجاز بيعها باعتبار الأصل».
وقال المَرغينانيُّ في الهداية (4: 395): «يجوز بيعها، ويضمن متلفها عند أبي حنيفة خلافا لهما فيهما؛ لأنه مال متقوم، وما شهدت دلالة قطعية بسقوط تقومها، بخلاف الخمر».
وأمّا نجاستُها فمختلفٌ فيها على ثلاثة روايات، قال ابن نجيم في البحر (1: 242): «فيها ثلاثة روايات: في رواية مغلّظة، وفي أُخرى مخفَّفة، وفي أُخرى طاهرة، ذكرها في «البدائع» بخلاف الخمر، فإنه مغلظ باتفاق الرِّوايات؛ لأن حرمتها قطعية، وحرمة غير الخمر ليست قطعية».
وقال المَرغيناني في الهداية (4: 395): «ونجاستها خفيفة في رواية، وغليظة في أخرى، ونجاسة الخمر غليظة رواية واحدة».
في القُهُستانيِّ: «وأما سوى الخمر من الأشربة المُحرَّمة فغليظة في ظاهر الرواية، خفيفةٌ على قياس قولهما»، كذا في رد المحتار (1: 320) . فإن كان في استعمالها عموم بلوى جاز، ورُجِّحت رواية الطَّهارة؛ لأنّ للبلوى أثراً في التّخفيف والتّرجيح به.
قال الحصكفي في الدر المختار (1: 213): «وفي باقي الأشربة المسكرة غير الخمر ثلاث روايات: التغليظ، والتخفيف، والطهارة، ورجح في «البحر» التغليظ، ورَجَّح في «النّهر» التخفيف». وأَفاد الشيخ عبد الفتاح أبو غدة في هامش فتح باب العناية (1: 258): «أنّه على رواية التخفيف يُعفى عَمّا دون ربع الثوب المصاب أو البدن. وكان العلامة أحمد الزرقا شيخ شيوخنا في حلب يعتمد رواية الطهارة ويُفتي بها، وكان شيخنا العلامة المحقِّق الكوثريّ يقول: المسكر غير الخمر كالاسبرتو يجوز استعماله، ويحرمُ شربُه، ويذكر أنّ هذا مذهب أبي حنيفة ، ولا يَخفى أنّ فتوى هذين الشيخين الجليلين فيها يسرٌ وسماحةٌ للنّاس؛ لشيوع استعمال هذه المادة الهامّة ـ الاسبرتو ـ في كثير من مرافقِ الحياة اليوم، ولا ريب أن التنزّه عن استعمالها لمَن استطاعه أَوْلى لما فيها من اختلاف العلماء في طهارتها، والله أعلم»، وسيأتي تفصيل أدق فيما يتعلق بالكحول الصناعية بعد أسطر فلينتبه له.
ج.أن تكون مستخرجة مما سوى الخمر والأشربة الثلاثة، فيباح شربه عند أبي حنيفة أبي يوسف  ما لم يسكر، فيباح شرح قليله ويحرم شرب كثيره، ولا يحدّ فيه، ويحرمُ شرب قليلِه وكثيره عند محمّدٍ  ويحد فيه.
واستقرت الفتوى ( ) في مذهب الحنفية على قول محمد  بالحرمة والحدّ في سائر الأشربة المسكرة إن كان مجمعاً للفساق، فلا يحلّ قليلها ولا كثيرها، ويحدّ إن سَكِر منها، وأمّا إن لم تكن مجمعاً للفُسَّاق فتبقى على الأصل من الفتوى بقول الشيخين بجواز شربها ما لم يَسكر منها، وبالتالي العبرة لوجود الكحول فيها، وإنّما العبرة في تحريم الشُّرب اجتماع الفساق عليها للتلهي، قال الحَلبيُّ في التبيين (6: 47): «والكل حرامٌ عند محمد ، وبه يفتى، والخلاف إنما هو عند قصد التقوي، أما عند قصد التلهي فحرام إجماعاً». وقال الزَّيلعيُّ في ملتقى الأبحر (2: 573): «الفتوى في زماننا بقول محمّدٍ، حتى يُحدّ مَن سَكِر من الأشربة المتخذة من الحبوب والعَسل واللَّبن والتين؛ لأن الفُسَّاق يجتمعون على هذه الأشربة في زماننا، ويقصدون السُّكر واللهو بشربها».
وأما بيعها فيجوز من باب أولى لجواز بيع الأشربة الثلاثة رغم الاتفاق على حرمتها شربها؛ لما سبق.
وأما نجاستها، فعلى قول أبي حنيفة وأبي يوسف  طاهرة، وإنما الحرمة عندهما فيما لو أسكرت، ولو كانت نجسة لما جاز شربها عندهما، وعلى قول محمد  فيتأتى فيها الخلاف السابق من النجاسة والطهارة.
وأُفتي بقول مُحمَّد  فيما يتعلَّق بالشُّرب إن اجتمع الفُسَّاق عليها؛ لأنّ السُّكر والتَّلهي صار غَرضاً فيها، وهذه العلّةُ للحُرمة غير موجودة في حكم طهارتها، فتبقى على الطَّهارة على قول الشَّيخين ( ).
والثانية: الكحول الصّناعية:
إذا تقرَّر ما سبق من التَّفصيل في الكحول الطبيعية من جواز البيع فيما عدا الخمر إلا لضرورة فيه، فإنَّ الصِّناعية ليست فيها جميع المحظورات السابقة، فيجوز بيعُها واستعمالها وشربُها إلا إذا كان في شربها ضررٌ أو أن تكون مجمعاً للفُسَّاق، وبالتالي يجوز استخدامها في الأدوية المختلفة والعطور وغيرها، والله أعلم."
118,5512,الذكر والتزكية والأخلاق,"Remembrance, Purification, and Ethics",قراءة القرآن,الخطأ في قراءة القرآن في الصلاة,أصلي التراويح مع زوجي الكبير بالسن ولا يجيد أحكام التجويد وأحيانًا يخطئ بالحركات ،هل صلاتي خلفه صحيحة؟,أقول وبالله التوفيق: صلاتك معه فيها خير كبير، ولا تبطل الصلاة بالخطأ في قراءة القرآن أو النسيان، والله أعلم.
119,5555,الحظر والإباحة واللباس والزينة,"Prohibition, Dress, and Adornment",الحظر والإباحة,تطبيقات الهواتف الذكية,ما حكم برنامج ماي هيتارج الموجود على تطبيق سناب شات الذي يجعل صورة شخص متوفى تتحرك؟,أقول وبالله التوفيق: ظهور صورة الميت بحركة جائز ما لم يكن فيه إساءة له، والله أعلم.
120,5572,الحظر والإباحة واللباس والزينة,"Prohibition, Dress, and Adornment",الحظر والإباحة,المشاركة في مجموعات فيها مخالفات شرعية,شخص أنشأ مجموعة واتساب، وأصدقاؤه يقومون بإرسال كلام وصور تخل بالأدب، فهل يكون عليه ذنب؟,أقول وبالله التوفيق: عليه أن يأمر بالمعروف وينهى عن المنكر، وإن عجز عن التغيير يلزمه الخروج منها واعتزال أهل الفساد، والله أعلم.
121,5609,الحظر والإباحة واللباس والزينة,"Prohibition, Dress, and Adornment",الحظر والإباحة,رؤية العورة من خلال التلفاز,ما حكم النظر إلى ظهر وبطن المرأة من خلال التلفاز؟,أقول وبالله التوفيق: يجب التجنب لذلك بقدر الاستطاعة، والله أعلم.
122,5710,الزواج والطلاق والنفقات,"Marriage, Divorce, and Expenditures",الزواج,القرآن عند الخطبة,ما حكم قراءة الفاتحة عند الخطوبة ، فتقرأ على نية التوفيق؟,أقول وبالله التوفيق: جاز قراءة الفاتحة عند الخطوبة وعند كل عمل خير بنية التيسير وطلبًا للبركة والتوفيق، والفاتحة تدل على التراضي، والله أعلم.
123,5747,الذكر والتزكية والأخلاق,"Remembrance, Purification, and Ethics",الدعاء والذكر,التلفظ بالذكر بدل سجدة التلاوة,هل يجوز التلفظ بدعاء اللهم سجد لك عقلي وسمعي وبصري وعظمي فاغفر فإنه لا يغفر الذنوب إلا أنت، بدل سجدة التلاوة ؟,أقول وبالله التوفيق: يستحب التلفظ بالتسبيح في سجدة التلاوة، ويجوز الزيادة بما شاء من الأذكار فيها، ومنها ما ذكرتم، والله أعلم.
124,5750,العبادات,Acts of Worship,الصوم,الأكل والشرب عند الأذان الثاني,هل يصح أن آخذ الدواء أو أشرب ماء عندما يؤذن الأذان الثاني ؟,أقول وبالله التوفيق: لا يجوز الأكل والشرب عند الأذان الثاني بالإجماع بين الفقهاء المعتبرين في المذاهب الأربعة، ومن أكل أو شرب أثناء الأذان فيجب عليه القضاء والكفارة، والله أعلم.
125,5775,الحظر والإباحة واللباس والزينة,"Prohibition, Dress, and Adornment",الحظر والإباحة,الأكل من طعام المرتد,أقاربنا تنصروا ـ أي ارتدوا بعدما كانوا مسلمين ـ، هل يحل لنا طعامهم عند دعوتهم لنا؟,أقول وبالله التوفيق: واجب عليكم الدعوة لهم وتذكيرهم بالإسلام وصحته وإبقاء العلاقة معهم إن رأيتم في ذلك مصلحة لهم وعدم فتنة لكم، وأما طعامهم فيحل إن لم يكونوا قد قاموا بالذبح؛ لأنه لا تحل ذبائحهم، والله أعلم.
126,5786,المعاملات والأمانات,Transactions and Trusts,البيع,سداد الدين عند وفاة الدائن,سيدة كانت تذهب لامرأة تعالج بالطب العربي، وبقي في ذمتها مبلغًا من المال لهذه المعالجة، ثم توفاها الله، وتعذر على السيدة إيصال الدين لأقربائها، فهل يجوز التصدق بهذا المبلغ بنية السداد؟,أقول وبالله التوفيق: يجب عليها التصدق عنها بما تبقى لها من مال، والله أعلم.
127,5869,الذكر والتزكية والأخلاق,"Remembrance, Purification, and Ethics",قراءة القرآن,قراءة سورة البقرة مع قارئ,عند قراءة سورة البقرة على نية معينة، هل يجوز قراءتها مع مُقرئ؛ خوفًا من الوقوع في اللحن؟ وأيها أفضل قراءتها على جلسة واحدة أم عدّة جلسات؟,أقول وبالله التوفيق: يجوز قراءة القرآن وحدك أو مع قارئ، ولك قراءة البقرة بجلسة أو جلسات على حسب ما يتأتى لك، فكله خير، والله أعلم.
128,5887,الذكر والتزكية والأخلاق,"Remembrance, Purification, and Ethics",قراءة القرآن,حكم قراءة القرآن بنية الفرج,ابني مسجون، هل يجوز أن أقرأ القرآن الكريم على نية الإفراج عنه؟,أقول وبالله التوفيق: يجوز قراءة القرآن وفعل الخيرات بنية الفرج وغيرها، والله أعلم.
129,5891,الذكر والتزكية والأخلاق,"Remembrance, Purification, and Ethics",قراءة القرآن,قراءة الفاتحة عند المناسبات,روى الترمذي في السنن (2857)عن أُبي بن كعب رضي الله عنه عن رسول الله  قال: «والذي نفسي بيده ما أُنزلت في التوراة ولا في الإنجيل ولا في الزبور ولا في الفرقان مثلها، وإنها سبع من المثاني والقرآن العظيم الذي أُعطيته»، ولم يرد عن النبي محمد  ولا عن أصحابه أنهم كانوا يقرؤون الفاتحة عند عقد النكاح أو عند التعزية، أو عند عقد صفقات البيع والشراء، ولو كان هذا خيراً لسبقونا إليه، قال الحافظ ابن كثير: «أهل السنة والجماعة يقولون في كل فعل وقول لم يثبت عن الصحابه : هو بدعة؛ لأنه لو كان خيراً لسبقونا إليه،لأنهم لم يتركوا خصلة من خصال الخير إلا وقد بادروا إليه»، هل هذا الكلام صحيح؟,أقول وبالله التوفيق: هذا الكلام محل نظر، ولا أساس له من الصحة، فهناك أفعال كثيرة مثل تأليف الكتب وبناء المدارس وغيرها وهي بالاتفاق مستحبة، ومع ذلك لم يفعلها النبي صلى الله عليه وسلم، ولا أصحابه، فكانت هذه النظرية باطلة، فكل ما كان من أفعال الخير والمعروف لا يسأل فيه بهذه الطريقة، بل نحث الناس على التسجيل فيه، والله أعلم.
130,5901,الذكر والتزكية والأخلاق,"Remembrance, Purification, and Ethics",تزكية النفس وأمراضها,أفضل عبادة في الثلث الأخير من الليل,ما العبادة الأفضل في قيام الليل بعد الصلاة، قراءة القرآن، أم الاستغفار والتسبيح؟,أقول وبالله التوفيق: الأفضل قراءة القرآن، وكله خير، والله أعلم.
131,5923,الذكر والتزكية والأخلاق,"Remembrance, Purification, and Ethics",قراءة القرآن,قراءة ختمة غير مرتبة للقرآن الكريم,هل أستطيع أن أقرأ سور القرآن الكريم من غير ترتيب للسور بنية الختمة؟,أقول وبالله التوفيق: الأولى أن يكون مرتباً، ويجوز أن يكون بغير ترتيب لأغراض معينة، والله أعلم.
132,5946,الذكر والتزكية والأخلاق,"Remembrance, Purification, and Ethics",قراءة القرآن,مكان قراءة القرآن والصلاة,هل يجوز قراءة القرآن والصلاة في غرفة نوم الزوجين؟,أقول وبالله التوفيق: يجوز الصلاة وقراءة القرآن في غرفة النوم وغيرها من الأماكن الطاهرة، والله أعلم.
133,6004,المعاملات والأمانات,Transactions and Trusts,البيع,شرط مبادلة الذهب بالذهب,هل يجوز تبديل الذهب بذهب آخر من الصائغ ،وذلك بسبب كسر في الذهب القديم؟,أقول وبالله التوفيق: يجوز ذلك إن لم يحصل مفارقة للمجلس بينك وبين الصائغ، فيكون ثمن الذهب القديم دينًا في ذمته، وثمن الذهب الجديد دينًا في ذمتك، ثم تحصل المقاصة الحكومية بينكما بدون قبض حقيقي، وهذا جائز في الصرف، والله أعلم.
134,6008,المعاملات والأمانات,Transactions and Trusts,الصرف,شراء الذهب عن طريق البورصة,ما حكم شراء الذهب عن طريق البورصة ؟,أقول وبالله التوفيق: الشراء للذهب من خلال البورصة نوع من أنواع الربا؛ لعدم وجود القبض فيه، والله أعلم.
135,6030,المعاملات والأمانات,Transactions and Trusts,البيع,شراء الذّهب بالتقسيط,هل شراء الذهب بالتقسيط حلال أم حرام؟,أقول وبالله التوفيق: لا يجوز شراء الذهب بالتقسيط؛ لأنها معاملة صرف، ولا بد فيها من القبض في المجلس، والله أعلم.
136,6112,المعاملات والأمانات,Transactions and Trusts,الشركة,اتفاق الشركاء على أخذ أحدهم مبلغ ثابت من الأرباح,شخصان مشتركان في محل تجاري، واحد منهما له حصتان، والثاني له حصة واحدة، الأول يأخذ كما يشاء من الأرباح، والثاني مقيد بِـ( ٥٠) ألف شهرياً، هل هذا جائز ؟,أقول وبالله التوفيق: لا تصح هذه الشركة، وهما واقعان في الربا؛ لأنه لا بد في الشركة من أن يكون الربح نسبة شائعة لا مبلغ ثابت، والله أعلم.
137,6114,المعاملات والأمانات,Transactions and Trusts,الشركة,اشتراك الزوجين في العمل,إذا اشترك الزوجان في العمل وجمع المال، فهل يحق لكل منهما التصرف في المال، أم أنّ حق التصرف مقتصر على الزوج؟,أقول وبالله التوفيق: يكون المال مشتركاً بينهما بقدر ما دفع كلٌّ منهما، وحقُّ التصرّف لكلِّ واحدٍ بقدر نصيبه وإن لم يأذن به الآخر؛ لأنّه مالُه وحقُّه وإن كان مجموعاً مع بعضه البعض؛ لأن هذه شركة أملاك، وهذا هو حكمها، والله أعلم.
138,6120,المعاملات والأمانات,Transactions and Trusts,الوقف,نقل مال الوقف من مسجد إلى آخر,هل يجوز نقل مال الوقف من مسجد إلى آخر سواء كانت عينًا معينة أو نقل مال ؟,أقول وبالله التوفيق: يجوز النقل إجمالاً للوقف لكن نريد أن نُراعي النظام المتبع في ذلك، ولا نفتح هذا الباب حتى لا يكون وسيلة من البعض لأخذ الوقف لنفسه، والله أعلم.
139,6129,المعاملات والأمانات,Transactions and Trusts,اللقطة,التصرف باللقطة,سائق تاكسي وجد هاتفًا في سيارته منذ شهرين، ولم يصل لصاحبه إلى الآن، هل يجوز له استعماله؟,أقول وبالله التوفيق: هذا الهاتف يكون لقطة، فإن كان السائق الملتقط له فقيراً يجوز أن يتصدق به على نفسه؛ وإن كان غنياً يتصدق به على غيره، والله أعلم.
140,6131,المعاملات والأمانات,Transactions and Trusts,اللقطة,استخدام اللقطة بعد البحث عن صاحبها,سائق تاكسي نسي عنده زبونين غرضًا لهما؛ الأول نسي غازًا صغيرًا، والآخر نسي عدّة عملٍ مفكات وأشياء أخرى، وذهب السائق مرات كثيرة إلى الأماكن التي أوصلهما لها لمدة ثلاثة أشهر ولم يجدهما، هل يحق لزوجته استعمال هذه الأشياء؟,أقول وبالله التوفيق: هذه الأشياء لها حكم اللقطة، فبعد أن يُنشدها ويتأكد من عدم رجوع صاحبها، يجوز له أن يتصدَّق بها عن صاحبها ولو لنفسه إن كان فقيراً، والله أعلم.
141,6134,المعاملات والأمانات,Transactions and Trusts,اللقطة,الانتفاع باللقطة بعد تعريفها,تقول: إن زوجها يعمل سائقاً على الطريق، فسقط من السيارة التي أمامه كيس من السكر، ولم يتمكن الزوج من اللحاق بالسيارة فأحضر الكيس الى البيت، فماذا تفعل به؟,أقول وبالله التوفيق: يأخذ حكم اللقطة، فإن استطاع إرجاعه لصاحبه فعل، وإلا يتصدق به على الفقراء عن صاحبه، وإن كان هو فقيراً تصدق به على نفسه وأهله، والله أعلم.
142,6230,الذكر والتزكية والأخلاق,"Remembrance, Purification, and Ethics",العلاقات الزوجية,شيب الشعر,هل في ترك الشيب على لونه إثم؟,أقول وبالله التوفيق: يجب على المرأة التزين لزوجها، فإن كان في الشيب مخالفة للتزين، فعليها معالجته بما يناسب أن تبقى بالهيئة المناسبة لزوجها، والله أعلم.
143,6237,المعاملات والأمانات,Transactions and Trusts,القروض,حكم قروض الكوارث,أنا أعيش في أمريكا، وهناك قروض تقدمها الدولة للمواطنين للحالات الاضطرارية تسمى بقروض الكوارث، لأصحاب الأعمال المتضررة بسبب الحجر الصحي، وهذا القرض مشروط بالاستفادة منه في الأعمال التي تتعلق بالعمل، ويتم سداد قيمته - نفس القيمة الي اقترضها- في زمن متفق عليه، وإذا تأخر في السداد يترتب عليه 50٪ من قيمة القرض، مع العلم أنه توقف في أحوال الأعمال الحرة هناك بشكل يعرضهم للإفلاس في حال لم يتم أخذ القرض، ما حكم القرض دكتورنا الفاضل؟,أقول وبالله التوفيق : يتساهل في بلاد غير المسلمين في العقود إجمالا، فإن كان فيه ضرورة ظاهرة جدا ولا حل لهم سواه بين أيديهم، ممكن أن يكون جائزا، ومع ذلك عليك التأكد من الثقات في بلادهم؛ لأنهم أدرى بحقيقة الأمر، والله أعلم.
144,6259,المعاملات والأمانات,Transactions and Trusts,الشركة,حكم التعامل بالأسهم,لي أسهم بعقود مع شركات امريكية لتقنية المعلومات، هل التعامل معها حلال ام حرام؟,أقول وبالله التوفيق: إن لم يكن لهذه الشركة عمل بالمحرمات أو في عملها إضرار بالمسلمين، فيحل التعامل معها، وإن كان الأولى عدم التعامل معها؛ حتى لا تكون أموالنا فيها تقوية لهم، والله أعلم.
145,6278,المعاملات والأمانات,Transactions and Trusts,التأمين,حكم التأمين الشامل,ما حكم التأمين الشامل على السيارة؟,أقول وبالله التوفيق: التأمين جائز بصوره المتعددة ما لم يظهر محظور شرعي فيه، سواء كان للسيارات أو للصحة أو الضمان الاجتماعي أو غيرها، وما يأخذون من مال يكون في مقابل ضمان الشركة للضرر الواقع على المؤمن لسيارة أو صحة أو غيرها، وأسباب الربح ثلاثة، ومنها الضمان، ولا يوجد فيه قمار كما يتصوره بعضهم، وبالتالي يكون جائز التأمين الشامل وغيره، والله أعلم.
146,6279,الذكر والتزكية والأخلاق,"Remembrance, Purification, and Ethics",أخلاق وآداب,حكم المال الذي تم تحصيله بطريق الخطأ,ابني يعمل مهندس في إحدى الدول، ويتم تأخير دفع المرتب الشهري له، وهذه المرة أخطأوا وزادوا على راتبه 800، فهل يجوز له أخذ هذه الزيادة مع العلم أنهم أخذوا حقه، ولم يعطوه ما يستحق في كثير من الأمور؟,أقول وبالله التوفيق: يعيد لهم المال؛ لأنه من حقهم، وإن كان لا يناسبه العمل معهم يتركهم، والله أعلم.
147,6285,الزواج والطلاق والنفقات,"Marriage, Divorce, and Expenditures",العدة,خروج المعتدة للضرورة,امرأة معتدة وعندها بنات فوق سن (18)، بحاجة لإكمال إجراءات الراتب، هل يجوز لي أن أذهب معهن لإتمام الإجراءات في البنك؟,أقول وبالله التوفيق: يجوز لها الخروج إن كان فيه ضرورة لها و للورثة، والله أعلم.
148,6389,الزواج والطلاق والنفقات,"Marriage, Divorce, and Expenditures",الطلاق,الحيلة لمنع الطلاق المعلق,امرأة حلف عليها زوجها يمينًا بالطلاق ألا تذهب لأهلها برفقة أولادها، وهو يمنعهم من الذهاب أبدًا، علماً أنه سافر لمدة طويلة، هل يمكنها أن ترسل أولادها أولاً، ثم تلحق بهم لئلا يقع يمين زوجها بالطلاق؟,أقول وبالله التوفيق: إن كان كما ذكرت صيغة الحلف فلو ذهب الأولاد ثم ذهبت لا يقع الطلاق؛ لعدم وجود الشرط، والله أعلم.
149,6411,العبادات,Acts of Worship,الصوم,كيفية صيام غير المكلف,ما كيفية تدريب الأطفال على الصيام، وهل يجوز استخدام الزينة لتحبيبهم في الصيام؟,أقول وبالله التوفيق: يستحب التدرج مع الأطفال، بالصيام حسب قدراتهم الجسدية، لعدم التكليف، وأي أجواء تحبب في الشهر الكريم، والله أعلم.
150,6416,المعاملات والأمانات,Transactions and Trusts,القروض,الغرامة المترتبة على سداد الدّين,أريد أن آخذ قرض تعليمي لدفع رسوم الجامعة من بنك الأردن القرض من دون فوائد قرض حسن يسدد على مدار السّنة، ولكن هناك شرط، وهو إذا تأخرت بسداد القسط الشهري يترتب عليَّ غرامة مقدارها عشرة دنانير أما إذا سددت في الوقت المحدد لا يوجد غرامة مطلقا هل هذا جائز أم يعد ربا؟,أقول وبالله التوفيق: الشرط الجزائي في الديون لا يجوز، وهو نوع ربا، فلا يحلّ هذا العقد ما لم يتركوا هذا الشّرط الجزائي، والله أعلم.
151,6436,الزواج والطلاق والنفقات,"Marriage, Divorce, and Expenditures",الطلاق,كثرة صدور الطلاق من الزوج,ما حكم من يقول لزوجته على كل شيء إن فعلتِ كذا فأنتِ طالق ، مع العلم أنه مسحور ؟,أقول وبالله التوفيق: يقع الطلاق من المطلق إن طلق إلا إذا كان فاقدًا لعقله، وعليه مراجعة المفتي للتأكد من حالته، والله أعلم.
152,6441,الزواج والطلاق والنفقات,"Marriage, Divorce, and Expenditures",الطلاق,الطلاق المعلق على شرط,أنا قمت بعمل بقالة بجانب البيت وحلف زوجي على إغلاقها أو أني طالق، وزوجي لا يريد أن يذهب للمفتي، فهل هذا طلاق؟,أقول وبالله التوفيق: الطلاق المعلق يقع، ويجب على زوجك الذهاب للمفتي لمعرفة صورة المسألة، والله أعلم.
153,6467,الزواج والطلاق والنفقات,"Marriage, Divorce, and Expenditures",الطلاق,الحلف بالطلاق,من حلف يمين طلاق على أمر معين ثم تراجع، ما حكم يمين الطلاق؟,أقول وبالله التوفيق: اليمين إن وقع لا يمكن الرجوع عنه، فإن تحقق الشرط وقع الطلاق، والله أعلم.
154,6511,العبادات,Acts of Worship,الصوم,الإفطار للشعور بالتعب أثناء الصيام,بعد أذان الفجر شعرت بألم في المعدة وتقيأت وشربت زهورات، فهل أكمل صيامي أم عليّ قضاؤه؟,أقول وبالله التوفيق: أفطرت بشرب الزهورات، وعليك القضاء له، لكن يجب عليك الإمساك بقية اليوم لحرمة الشهر، والله أعلم.
155,6531,المعاملات والأمانات,Transactions and Trusts,البيع,حكم التجارة بالأسهم,ما حكم التجارة بالأسهم كأن أعطي مبلغاً مالياً لشركة ، وهي تقوم على التجارة به، وآخذ من الأرباح على قدر ما دفعت؟,أقول وبالله التوفيق: الأصل في التجارات الإباحة، وهذا النوع من التجارة فيكون مباحاً، إلا إذا كانت الشركة تتاجر في المحرمات فلا يجوز، ولا بد أن يكون الربح جزءاً شائعاً، لا مبلغاً معيناً كل شهر مثلاً، والله أعلم.
156,6552,الحظر والإباحة واللباس والزينة,"Prohibition, Dress, and Adornment",التزين واللباس,إطالة الأظافر للنساء,ما حكم تطويل الأظافر للنساء بهدف الزّينة، بحيث يكون شكلها أنيقًا وجميلًا، وليس تطويلًا لحد التنفير؟,أقول وبالله التوفيق: تطويل الأظافر مخالفٌ للسّنة فيكره ذلك في نفسه، وفيه فتنةٌ إن كان من قبل المرأة أمام الأجانب، وعلى النّساء أن يكففن عن أمثال هذه السّلوكيات، والله أعلم.
157,6561,الحظر والإباحة واللباس والزينة,"Prohibition, Dress, and Adornment",التزين واللباس,الأظافر الصناعية السؤال,ما حكم الأظافر الصناعية و طلاء الأظافر والجِلّ؟,أقول وبالله التوفيق: إن لم يكن فيها زينة للأجانب ولا تلحق الضرر بالمرأة جازت، والله أعلم.
158,6582,الزواج والطلاق والنفقات,"Marriage, Divorce, and Expenditures",حقوق الأولاد,إعانة الابن المرتكب للمعاصي على تكاليف الزواج,هل يجوز مساعدة الابن الذي يدخن ويشرب حشيش بالمال حتى يتزوج؟,أقول وبالله التوفيق: الأولى إعانته لعل الزواج يكون باب خير له للاستقامة والتوبة إلى الله تعالى، والله أعلم.
159,6587,الحظر والإباحة واللباس والزينة,"Prohibition, Dress, and Adornment",التزين واللباس,ثقب الأذن,هل يوجد مانع شرعي من ثقب الأذن للبنات؟,أقول وبالله التوفيق: ثقب الأذن للبنات من المباحات؛ للغرض الصحيح في ذلك، من التزين للزوج مستقبلاً، والله أعلم.
160,6598,الحظر والإباحة واللباس والزينة,"Prohibition, Dress, and Adornment",التزين واللباس,الخاتم المصنوع من غير الذهب والفضة للرجال,ما حكم لبس الرجل خاتم غير الذهب والفضة مثل الألماس؟,أقول وبالله التوفيق: لا يحل للرجل من الخواتيم إلا الفضة، وهو خلاف الأولى بغير حاجة كقاضي وسلطان، والله أعلم.
161,6615,الحظر والإباحة واللباس والزينة,"Prohibition, Dress, and Adornment",التزين واللباس,لبس الذهب للطفل,هل يجوز وضع آية الكرسي المصنوعة من الذهب على الطفل الذكر الصغير؟ وهل يجوز أن يلبس الطفل الصغير إسوارة من الذهب للزينة؟,أقول و بالله التوفيق: إن كان هذا الطفل ذكراً لم يحل له لبس الذهب، ويكون الإثم على المُلبس، والله أعلم.
162,6620,الذكر والتزكية والأخلاق,"Remembrance, Purification, and Ethics",العلاقات الزوجية,أخذ دواء لتأخير الدورة دون علم الزوج,هل يجوز أخذ دواء لتأخير الدورة في رمضان دون علم الزوج؟,أقول وبالله التوفيق: يكره أخذه إن كان فيه ضرر، ولا شأن للزوج بالأمر، والله أعلم.
163,6671,الحظر والإباحة واللباس والزينة,"Prohibition, Dress, and Adornment",الحظر والإباحة,النظر إلى العورة,هل يجوز أن تنظر المرأة إلى جسمها بدون ملابس في المرآة ؟,أقول وبالله التوفيق: يكره التعري والنظر للعورة لغير حاجة، والله أعلم.
164,6734,المعاملات والأمانات,Transactions and Trusts,الكسب الخبيث,استعمال أدوات العمل وإهدائها للغير,رجل من أهل الكتاب يأخذ من أدوات وظيفته ومتعلقاتها، ويهديها لأهله، فهل يحلّ لهم أخذها واستعمالها؟,أقول وبالله التوفيق: لا يحلّ لهم أخذها ولا استعمالها؛ لأنَّها تعد غصبًا، والله أعلم.
165,6736,المعاملات والأمانات,Transactions and Trusts,الكسب الخبيث,تجارة تصنيع المعسل,حكم التجارة في تصنيع المعسل؟,أقول وبالله التوفيق: يكره تحريم كراهة إثم التجارة بالمعسل، ويكون كسبه خبيثًا يجب التخلص منه، والله أعلم.
166,6763,المعاملات والأمانات,Transactions and Trusts,الكسب الخبيث,التصرف بمال الربا,سيدة توفي زوجها، وكان يعمل طبيبًا، ولديها خمسة أولاد، ترك لهم والدهم مكافأة عمله، وبقي المال فترة في المجلس الحزبي بسبب كورونا، وبعد ذلك زاد المال ثلاثة أضعاف، هل تنفق على أولادها من هذا المال، أم يعتبر ربا؟ وإذا كان ربا، هل يحق لها التصرف فيه دون موافقة أولادها؟,أقول وبالله التوفيق: إن كانت الزيادة بطريق الربا، فلا يحل الإنفاق منها؛ لأنها كسب خبيث، والله أعلم.
167,6767,المعاملات والأمانات,Transactions and Trusts,البيع,إحداث المشتري عيبًا في السلعة,امرأة اشترت فستانًا ثم حدث به ثقب فأخذته للبائع وأرجعته، ثم بعد ذلك ندمت على فعلها ماذا تصنع؟,أقول وبالله التوفيق: يحرم عليها هذا الفعل لأنه خداع وخيانة، ويجب عليها تعويض صاحب المحل عن الضرر الذي أصابه سواء بثمن الثوب أو بعضه على حسب ما يقتضيه الأمر، والله أعلم.
168,6773,المعاملات والأمانات,Transactions and Trusts,البيع,إرجاع المبيع بعد إحداث عيب فيه والندم على ذلك,سيدة أثمت عندما اشترت ثوبًا وأحدثت به عيبًا بعدما أخذته للبيت، ثم أرجعته دون إعلام البائع، وهي الآن نادمة بعد ٢٠ سنة، فماذا تفعل، هل تخرج صدقة لأنها غير متأكدة من وجود المعرض؟,أقول وبالله التوفيق: إن قدرت على إرجاع الحق لصاحبه فعلت، وإلا تتصدق بمقدار حقه عنه، والله أعلم.
169,6819,الزواج والطلاق والنفقات,"Marriage, Divorce, and Expenditures",الرضاع,خطبة البنت من ابن بنت أختها رضاعاً,ما حكم خِطبة البنت من ابن بنت أختها من والدها بالرضاعة؟,أقول وبالله التوفيق: إن كانت خالة أمّ الخطيب رضاعاً فلا يجوز، والله أعلم.
170,6849,المعاملات والأمانات,Transactions and Trusts,الضمان,استرداد الحق دون علم صاحب المال,شاب يعمل بمكان، وصاحب العمل يأخذ من راتبه على وجه الحياء والإجبار ويعطيه لعامل النظافة، فهل يجوز للشاب أن يسترد نقوده دون أن يعلم صاحب العمل؟,أقول وبالله التوفيق: الأولى أن يحتسبها عند الله، وينوي بها الصدقة، والله أعلم.
171,6878,المعاملات والأمانات,Transactions and Trusts,البيع,حكم تبادل الأغنام,هل يجوز تبديل الغنم الشامي، مع دفع الفرق؟,أقول وبالله التوفيق: يجوز؛ لأنه نوع من أنواع البيع فيجوز، والله أعلم.
172,6881,المعاملات والأمانات,Transactions and Trusts,البيع,حكم سداد الدّين بعملة أخر,رجل أراد أن يستدين بالعملة السورية، وأعطاه الدائن بالريال السعودي، ما حكم أن يسدّد المدين بالعملة السورية؟ وهل إذا سدّد بالريال السعودي يعتبر ربا، على اعتبار أنه حصل ارتفاع في سعر الريال؟,أقول وبالله التوفيق: يجوز السداد بالعملة السورية أو السعودية، ولا يكون ربا، والله أعلم.
173,6896,العبادات,Acts of Worship,الصوم,الصيام عن الميت,هل يجوز الصيام عن الميت؟,أقول وبالله التوفيق: إن كان على الميت أيام لم يصمها يستحب لنا أن ندفع عنه فدية بدل كل يوم مقدار إطعام مسكين، وهي مقدرة بدينارين تقريباً، أما الصيام فلا يجوز، والله أعلم.
174,6968,المعاملات والأمانات,Transactions and Trusts,التأمين,التأمين على حوادث السير,توفيت الزوجة بحادث سير، وكان الزوج هو السائق، وكان مبلغ التأمين على الحادث (20000) دينار، هل يحق للزوج أن يأخذ من التأمين؟,أقول وبالله التوفيق: يصح أخذ هذا المال من التأمين، والله أعلم.
175,6972,المعاملات والأمانات,Transactions and Trusts,التأمين,عمل تأمين صحي عن طريق شركة تأمين,تاجر يريد أن يعمل تأمينًا صحيًّا له ولأولاده لكثرة مصاريف العلاج عن طريق شركة تأمين، ما حكم عمله؟,أقول وبالله التوفيق: يجوز التأمين للصحة وغيرها، والله أعلم.
176,6982,المعاملات والأمانات,Transactions and Trusts,البيع,شراء الأسهم,هل شراء الأسهم والتجارة فيها حرام أم حلال، مثل شراء أسهم في شركة الكهرباء، أو شراء أسهم من بنك، أو شركة عالمية؟,أقول وبالله التوفيق: الأصل في التجارات الإباحة، وهذا النوع من التجارة يكون مباحًا، إلا إذا كانت الشركة تتاجر في المحرمات فلا يجوز، ولا بد أن يكون الربح جزءًا شائعًا، لا مبلغًا معينًا كل شهر مثلاً، والله أعلم.
177,7017,الحظر والإباحة واللباس والزينة,"Prohibition, Dress, and Adornment",التزين واللباس,صفة ما يلبس تحت الإسدال,هل يجوز للمرأة أن ترتدي ما تشاء من الملابس تحت الإسدال ؟,أقول وبالله التوفيق: العبرة باللباس الخارجي أن يكون ساتراً وفضفاضاً ولا فتنة فيه، ويجوز أي لباس تحته، والله أعلم.
178,7034,المعاملات والأمانات,Transactions and Trusts,البيع,استعمال المحفظة الإكترونية,ما الحكم الشرعي لاستعمال المحفظة الالكترونية أو شركات الداك كوين، وهي عبارة عن وضع مبلغ من المال مثل الوديعة لمدة معينة، وينتج منهم أرباح مع الوقت؟,أقول وبالله التوفيق: استعمال المحافظ جائز، ولا يوجد ما يمنع منه، وأما الأرباح فإن كانت طريق الربح تراعي أحكام الشريعة جازت، وإلا فلا، والله أعلم.
179,7063,المعاملات والأمانات,Transactions and Trusts,البيع,المكافآت المالية من البنوك مُقابل مزاولة نشاط رياضي,بعض البنوك الإسلامية وغيرها تعمل تطبيقًا على الهواتف الذكية؛ ليرصد خطوات الشخص، وكلما حصل على عدد كبير من الخطوات قدموا له مكافئة مالية أو على شكل كوبون تسوق، ما حكم هذا المال؟,أقول وبالله التوفيق: هذه الكوبونات تعد هدية من جهة ما لا يقابل فعل محرم، فهي مباحة، والله أعلم.
180,7081,المعاملات والأمانات,Transactions and Trusts,البيع,الرِّهان على مبلغ من المال,ما حكم أن يقول أحدهما: إن حصل شيء معين سوف يدفع أحدهما مبلغاً معيناً من المال لصاحبه، والآخر يقول نفس الكلام، إن حصل عكس ما يقول صاحبه؟,أقول وبالله التوفيق: هذا صورة من صور القمار؛ لأن الاستحقاق فيه مبني على الحظ، والله أعلم.
181,7084,المعاملات والأمانات,Transactions and Trusts,البيع,التّبرع بفوائد الأموال الرّبوية,أودعت أموالي في بنك ربوي، يرتب فوائد على الإيداعات ، فهل يصح لي إبقاء أموالي في هذا البنك والتبرع بهذه الفوائد؟,أقول وبالله التوفيق: إن لم يكن في بلدك بنك إسلامي يجوز أن تضع الأموال في بنك تقليدي (ربوي)، وتأخذ الفائدة وتوزع في وجوه الخير، والله أعلم.
182,7087,المعاملات والأمانات,Transactions and Trusts,البيع,الانتفاع بفائدة البنك الربوي,ما حكم إيداع مبلغ في البنك، وأخذ الفائدة الربوية المترتبة عليه وشراء شقة بها؟ و ما الحكم الشّرعي في هذه الشّقة؟,أقول وبالله التّوفيق: المال الربوي يجب التخلص منه والتصدق به، فإن كانت الشقة كل ثمن الشقة من الربا، يجب عليك التخلص منه بالتصدق به، والله أعلم.
183,7157,الحظر والإباحة واللباس والزينة,"Prohibition, Dress, and Adornment",الحظر والإباحة,العمل في معمل ملابس للنساء,ما حكم العمل في مشغل لتفصيل ملابس للنساء ساترة للعورة، لكنها ملونة وبقصات غريبة؟,أقول وبالله التوفيق: صناعة الملابس على أي هيئة كانت مباح في نفسه، والاستخدام السيء له هو المحرم، والله أعلم.
184,7225,الحظر والإباحة واللباس والزينة,"Prohibition, Dress, and Adornment",الحظر والإباحة,المريض الذي يعيش على الأجهزة الطبية,مريض قلبه متعب جداً، وقد خيرالأطباء أهله بأن يعملوا له تنشيط قلب، فيبقى على الأجهزة أو يترك كما هو لقدر الله، فهل يجوز تركه دون أجهزة طبية؟,أقول وبالله التوفيق: إن لم يكن فائدة في كلام الأطباء بعلاجه ووضع الأجهزة عليه، فيكون الخيار للأهل في ذلك، ولا يجب عليهم وضع الأجهزة لعدم شفائه بها، وكذلك لا يستحب وضع الأجهزة وإنما الأمر على الإباحة، والله أعلم.
185,7259,الحظر والإباحة واللباس والزينة,"Prohibition, Dress, and Adornment",الحظر والإباحة,شرب بول الإبل للتداوي,ما حكم شرب بول الإبل للتداوي، وما الدليل على ذلك؟,أقول وبالله التوفيق: المسألة خلافية، فعند محمد بن الحسن يجوز لحديث العرنيين: «اشربوا من أبوالها وألبانها» في صحيح البخاري، والمفتى به عدم الجواز، وهو قول أبي حنيفة، والله أعلم.
186,7281,الحظر والإباحة واللباس والزينة,"Prohibition, Dress, and Adornment",الحظر والإباحة,الأكل في المطاعم,ما حكم الأكل من منتجات مطاعم «كنتاكي فرايد تشيكن (KFC»؟,أقول وبالله التوفيق: إن تثبتنا أنه ليس فيه محرمات بنفسه من لحم خنزير أو ميتة أو خمر جاز أكله، والله أعلم.
187,7319,الذكر والتزكية والأخلاق,"Remembrance, Purification, and Ethics",العلاقات الزوجية,استقلال الذمة المالية بين الزوجين,ما حكم اخفاء أحد الزوجين عن الآخر ذمته المالية؟,أقول وبالله التوفيق: كل واحد من الزوجين له ذمة مالية مستقلة عن الآخر، فلا يشترط أن يعلم كل واحد ما يدخل في ذمة غيره من مال، ويجوز له الإخفاء لسبب أو بدون سبب، والله أعلم.
188,7336,الحظر والإباحة واللباس والزينة,"Prohibition, Dress, and Adornment",أحكام النساء,الدّم الخارج بعد شق البطن للولادة,ما حكم الدم الخارج بعد شق البطن للولادة؟,أقول وبالله التوفيق: إن أخرج الولد بشق البطن لا يكون نفاساً، إلا إن سال الدم من الرحم من القبل، فإنها تكون نفساء، وإلا فذات جرح، ينظر: البحر الرائق 1: 229، ومنهل الورادين ص34، وغيرها، والله أعلم.
189,7423,الحظر والإباحة واللباس والزينة,"Prohibition, Dress, and Adornment",أحكام النساء,أحكام الاستحاضة,ما هي أحكام الاستحاضة؟,أقول وبالله التوفيق: أنها لا تمنعُ صلاةً، وصوماً، وجماعاً، وقراءة ومساً للمصحف، ودخولاً للمسجد وطوافاً، ينظر: شرح الوقاية 129، والهدية العلائية ص45، وغيرها. فعن عائشة : أنه أتت فاطمة بنت أبي حبيش  النبي  فقالت: إني استحضت، فقال: «دعي الصلاة أيام حيضك، ثم اغتسلي وتوضَّئي عند كل صلاة وإن قطر على الحصير» في مسند أحمد 6: 42، وسنن ابن ماجه 1: 204، ومصنف ابن أبي شيبة 1: 118، وسنن الدارقطني 1: 213. وينظر: نصب الراية 1: 200، والله أعلم.
190,7428,المعاملات والأمانات,Transactions and Trusts,البيع,الإدخار في البنك الربوي,ما حكم وضع النقود في البنك العادي الغير إسلامي؟,أقول وبالله التوفيق: يحرم وضع المال في بنك ربوي إن وجد بنك إسلامي في البلد، إلا لضرورة ملحة، وفي ذلك الوقت يجب التصدق بكل المال الذي يدفع ربا لوجوه الخير، والله أعلم.
191,7436,المعاملات والأمانات,Transactions and Trusts,البيع,راتب الضمان الاجتماعي,ما هو حكم راتب الضمان الاجتماعي في الاردن؟,أقول وبالله التوفيق: الضمان الاجتماعي أحد صور التأمين، وهو جائز، وفيه فائدة ومصلحة لمشتركيه، وهو حاجة اجتماعية ضرورية، والله أعلم.
192,7438,الزواج والطلاق والنفقات,"Marriage, Divorce, and Expenditures",الزواج,العلاقة بين الخاطبين قبل عقد القران,هل يجوز في حال تمت الرؤية الشرعية بين الخاطبين، ولكن لم يتم كتب الكتاب بعد أن تتواصل الفتاة مع الخاطب؟,أقول وبالله التوفيق: يجوز التواصل بين الخاطبين بالحدود الشرعية بحيث لا يرى منها سوى الوجه واليدين، ولا تتزين له، ويبقى كلامهم في حدود المباحات الشرعية ليتحقق التعارف بينهم، ولا تجوز المصافحة باليد بينهم؛ لعدم وجود العقد، والله أعلم.
193,7474,الذكر والتزكية والأخلاق,"Remembrance, Purification, and Ethics",قراءة القرآن,اعتاد قراءة آية واحدة بعد الفاتحة,شخص اعتاد على قراءة آية واحدة فقط بعد الفاتحة، فهل تكون صلاته صحيحة؟,أقول وبالله التوفيق: يجب قراءة ثلاث آيات أو آية طويلة بمقدار سورة الكوثر، فمن لم يفعل فهو آثم لتركه واجب من واجبات الصلاة وهو ضم سورة إلى الفاتحة، والله أعلم.
194,7498,الذكر والتزكية والأخلاق,"Remembrance, Purification, and Ethics",قراءة القرآن,الحجاب عند قراءة القرآن,هل علي عندما أقرأ القرآن ان ألتزم بزي الكامل الحجاب والوضوء أم استطيع ان أقرأه بلا حجاب او وضوء؟,أقول وبالله التوفيق: يستحب عند قراءة القرآن لبس الحجاب ولا يجب لبسه، ويجب الوضوء لمس المصحف، فإن قرأته بلا غيباً بلا مس جاز القراءة بلا وضوء، والله أعلم.
195,7532,العبادات,Acts of Worship,الصلاة,مرور الكلب والمرأة أمام المصلي,توجيه حديث يقطع الصلاة ثلاث: المرأة والكلب والحمار؟ وهل يوجد أحد المذاهب أخذه على ظاهره؟,أقول و بالله التوفيق: في المذهب الحنفي معنى القطع هو قطع الخشوع، والله أعلم.
196,7610,الزواج والطلاق والنفقات,"Marriage, Divorce, and Expenditures",النفقات,مصروف الزوجة الخاص,ما حكم الزوج الذي يحرم زوجته من المصروف الخاص بحجة انه يشتري لها كل ما تحتاج، وهو لا يشتري له كل ما ترغب ويحرمها من أشياء تحب ان تشتريها وتطالبه بمصروف ولو قليل حتى تحقق ما ترغب؟,أقول وبالله التوفيق: تستحق المرأة على زوجها المسكن والملبس والمأكل والمشرب بما هو معتاد ومعروف، ولا يلزم لها مصروف خاص، وإن دفع لها شيء من ذلك فهو فضل منه، وعليها مطالبة الزوج بما تحتاج إليه من حوائج معتادة ليحضرها، ومع تلطف الزوجة مع زوجها فيما تريد وحسن معاملتها وعشرتها ستكون سبباً في توفير كل متطلباتها، والله أعلم.
197,7644,العبادات,Acts of Worship,الصوم,إبرة التخدير للصّائم,إمرأةٌ خرجت من عملية كانت قد أجرتها في إصبعها، وقد تم تخدير الأصبع، ودخلت إلى غرفة العمليات وهي صائمة، وتسأل هل هي في حكم المفطرة أم تكمل الصيام؟,أقول وبالله التوفيق: تُكمل صيامها ما لم يدخل في حلقها شيء؛ لأن الإبر لا تفطر؛ لأنها ليست من منفذ معتبر، والله أعلم.
198,7732,الحظر والإباحة واللباس والزينة,"Prohibition, Dress, and Adornment",الحظر والإباحة,حكم مصافحة العجوز,ما حكم مصافحة المرأة التي تبلغ من العمر خمسين أو ستين عامًا، أو تقبيل يدها بنية الاحترام، وليست من المحارم؟,أقول وبالله التوفيق: إن كانت عجوزًا لا تُشتهى فلا بأس بمصافحتها ومسّ يدها، وتحديد سن العجوز غير المشتهاة يرجع للعرف، وهذه تكون عادة فوق السبعين سنة، والله أعلم.
199,7791,العبادات,Acts of Worship,الطهارة,نقض الوضوء عند نزول دم المجاهدين,تم طرح سؤال عن الدم ونزوله هل ينقض الوضوء، فأجاب نعم، كيف والمجاهدين يصلّون وجراحهم تنزف، وعمر بن الخطاب رضي الله عنه طُعن وأكمل صلاته، فالرجاء التوضيح؟ أريد إجابة بالنسبة لصلاة المجاهدين حاليًا بجراحهم لأننا في الموقع؟,أقول وبالله التوفيق: الصلاة مع وجود الدم باطلة بالإجماع؛ لنجاسة الدم، ولم يصح عن عمر  أنه أكمل صلاته، وما ثبت من وجود دم على المجاهدين فمن باب الضرورة أو أنهم أصحاب عذر، وهذه الصلاة تجوز بسبب ذلك، وعلى كلٍ نقض الوضوء بخروج الدم مسألة خلافية بين المذاهب فيها أدلة عديدة، والله أعلم.
200,7823,الذكر والتزكية والأخلاق,"Remembrance, Purification, and Ethics",قراءة القرآن,قراءة القرآن للجنب,ما حكم قراءة القرآن غيباً للجنب أو لغير المتوضئ، وما حكم مس المصحف بفاين أو عازل أو مثلًا رفع المصحف بكتاب وأنا غير متوضئ، ما حكمها؟,أقول وبالله التوفيق: لا يجوز قراءة القرآن غيبًا لجنب؛ لأن الجنابة حلت فيه، أما لغير المتوضئ يجوز ويشترط الوضوء لمس المصحف إلا إذا كان للمصحف غلاف مفصول عنه يجوز لوجود الفاصل، والله أعلم.
201,7832,العبادات,Acts of Worship,الصلاة,متابعة الإمام من مصلى النساء,هل تصح الصلاة إذا كان مصلى النساء منفصلًا تمامًا عن المسجد؟ وما هو الضابط في تتابع الصفوف؟,أقول وبالله التوفيق: إن كان هناك اتصال في البناء تصح، وإلا فلا تصح، والله أعلم.
202,7957,الذكر والتزكية والأخلاق,"Remembrance, Purification, and Ethics",العلاقات الزوجية,المداعبة بين الزوجين,هل المداعبة بين الزوجين دون الجماع يحتاج الطهارة منها والاستحمام؟,أقول وبالله التوفيق: لا يجب الغسل إلا بالجماع أو الإنزال بالمداعبة أو الاحتلام، فإن حصلت المداعبة بلا انزال للمني يكفي الوضوء، والله أعلم.
203,7978,المعاملات والأمانات,Transactions and Trusts,الهبة,الهبة في حياة الأب,رجل عنده ثلاثة أولاد، وأربع بنات، واثنان من أولاده مقيمان في أمريكا، وثلاث من بناته متزوجات، هل يجوز للأب أن يهب لابنه المقيم عنده في البيت محل وقطعة أرض ويبني له بيتاً ويزوّجه، دون أن يعطي شيئًا لغيره من الأولاد؟,أقول وبالله التوفيق: ينبغي له المساواة بين الأخوة في العطاء، إلا إذا كان أحد الأخوة له حالة خاصة وظروف معينة ومبررات مقنعة لدى الجميع بحيث يُخَص بمزيد عطاء ومساعدة، والله أعلم.
204,7981,المعاملات والأمانات,Transactions and Trusts,الهبة,الرجوع في هبة الزوج لزوجته,أنا متزوجة ولي أولاد وبنات وأحفاد، وبعد (٢٧) سنة من الزواج تزوج علي زوجي وهجرني وترك المنزل، وانتقل للعيش مع الزوجة الثانية ولم يعد للبيت الأول، وكان قد كتب الدار التي نملكها قبل الانفصال باسمي، وحاول بعد زواجه أن يستردّ البيت بالشرع، لكن لم يجد مَن يؤيده، والآن هو يخبر الناس أنه إذا متت يأخذ البيت من أولادي على أساس أنه أعطاه لي، ففي حالة وفاتي يعود البيت ملكه؟,أقول وبالله التوفيق: المنزل لك إن ملكك حقيقةً ولم يسجل باسمك لأسباب معينة، وبعد وفاتك يكون للورثة جميعاً؛ لأنك ملكت المنزل بالهبة، والهبة بين الزوجين لا رجوع فيها، والله أعلم.
205,8010,العبادات,Acts of Worship,الزكاة,دفع الزكاة للبنت المتبناة,هل أستطيع عندما أُخرج زكاة أن أعطي المال لابنتي بالتبني؛ لأنها عندما كانت صغيرة لم يكن هنالك حاجة لذلك، لكن الآن هي بحاجة لكي أكمل لها دراستها ومتطلباتها؟,أقول وبالله التوفيق، يجوز دفع الزكاة للبنت المتبناة إن كانت فقيرةً؛ لأنها ليست من الفروع الذين لا تعطى لهم الزكاة، والله أعلم.
206,8087,المعاملات والأمانات,Transactions and Trusts,البيع,الصور الربوية الحديثة,هل يمكن أن تذكروا لنا ما يمكن أن يكون من الصور الربوية التي قد نواجهها في حياتنا اليومية ولا نعرف أنها حرام، وهل بالإمكان إعطاء الطريقة الشرعية الصحيحة في التعامل مع هذه الصور الربوية؟,أقول وبالله التوفيق: لو قرأتم الفتاوى في أسئلة الناس فيما يتعلق بالمعاملات، ففيها صور متعددة، ويمكن التواصل مع المشرفات لإرسال الفتاوى لكم، والله أعلم.
207,8088,المعاملات والأمانات,Transactions and Trusts,البيع,الإتجار بما يخص مستلزمات الصلاة,إذا أراد شخص الإتجار بمجموعة خاصة للصلاة مكونة من مصحف وسجادة صلاة ومسبحة، فهل ربحه من هذا العمل حلال؟,أقول وبالله التوفيق: يجوز التجارة فيه لعدم وجود الموانع من ذلك، والله أعلم.
208,8096,المعاملات والأمانات,Transactions and Trusts,البيع,الشرط الجزائي في العقود,ما حكم الشرط الجزائي في عقود البيع؟,أقول وبالله التوفيق: الشرط الجزائي يجوز في عقود الأعمال دون عقود البيع، والله أعلم.
209,8118,الزواج والطلاق والنفقات,"Marriage, Divorce, and Expenditures",الطلاق,قول الزوج علي الحرام,ما حكم من قال لزوجته: وهو غاضب وخلال خلاف بدون نيه مسبقه: علي الحرام من ديني اذا بلمسك، وهو الآن يريد الانفكاك من اليمين؟,أقول وبالله التوفيق: إن لم يقصد بعلي الحرام الطلاق، فإنه يكون يميناً، ويلزم عليه كفارة يمين بعد لمس الزوجة، والله أعلم.
210,8133,المعاملات والأمانات,Transactions and Trusts,القروض,سداد قرض البنك عن الميت,رجل أخذ قرضًا لإخوته لشراء قطع أراضي بمبلغ (١٠٠) ألف دينار، وباقي الأراضي باسمه، وقام أخوته بدفع الدفعة الأولى بعد وفاته، وسقط القرض عنه، فتعاهدوا أن يسددوا ديونه إلى البنك لقرض آخر عليه بقيمة (٦٠) ألف دينار، فهل يجب على إخوته أن يعيدوا (٤٠) ألف دينار لأولاد المتوفى؛ لأن الساقط (١٠٠٠٠٠) دينار وهم سيدفعون فقط (٦٠) ألف دينار ، أو لا يوجد عليهم شيء؟,أقول وبالله التوفيق: إن كان القرض أُخِذَ للأخوة خصيصًا، وبسبب موته سقط القرض للبنك، فلا يبقى الأخوة مطالبين بشيء، والله أعلم.
211,8149,الزواج والطلاق والنفقات,"Marriage, Divorce, and Expenditures",الرضاع,نظر الخاطب إلى أم مخطوبته بالرضاعة,خاطب، ولخطيبته أمٌ بالرضاع، فهل يجوز له النظر إليها واعتبارها كحماته؟,أقول وبالله التوفيق: إن كتب عقده على المخطوبة حرُمت عليه أمها في الرضاع، وجاز النظر إليها إن لم يكن فتنة، والله أعلم.
212,8177,الزواج والطلاق والنفقات,"Marriage, Divorce, and Expenditures",الزواج,الزواج بزوجة الخال المتوفى,هل يجوز أن يتزوج شخص بزوجة خاله المتوفى؟,أقول وبالله التوفيق: يجوز بعد انتهاء العدة؛ لعدم وجود ما يحرّم ذلك، والله أعلم.
213,8186,الزواج والطلاق والنفقات,"Marriage, Divorce, and Expenditures",العدة,عدة المتوفى عنها زوجها قبل الدخول,امرأةٌ عقد عليها زوجها وقبل الدخول توفي، فهل لها عدة؟,أقول وبالله التوفيق: عليها عدة الوفاة كالمدخول بها تمامًا وهي أربعة أشهر وعشرة أيام، والله أعلم.
214,8218,الزواج والطلاق والنفقات,"Marriage, Divorce, and Expenditures",الزواج,الزواج المدني للمسلمين في دول الغرب,أنا أعيش في أوروبا وزوجتي توفيت ولدي أولاد كبار، وأسلمت أمام شيخ دون إعلان الإسلام بسبب الإجراءات المعقّدة للإعلان، وأريد الزواج من فتاة مسلمة زواج مدني بحسب ما هو معمول به هنا، فهل هذا الزواج حلال؟,أقول وبالله التوفيق: إن كان يشتمل على الإيجاب والقبول وأخذت معك شاهدين لحضور هذا العقد صح؛ لوجود أركانه، ولأنه به تحفظ حقوق الزوجة والأولاد، والله أعلم.
215,8225,الزواج والطلاق والنفقات,"Marriage, Divorce, and Expenditures",الطلاق,قيمة كفارة الظهار,إن كانت كفارة يمين الظهار إطعام ستين مسكينًا، فما هي القيمة المالية للإطعام وكيف يتم إخراجها؟,أقول وبالله التوفيق: تكون كفارة الظهار صيام شهرين متتابعين، فإن لم يكن قادراً فعليه إطعام ستين مسكينًا، وقيمة كل يوم من إطعام مسكين، هي بمقدار دينارين، والله أعلم.
216,8263,الحظر والإباحة واللباس والزينة,"Prohibition, Dress, and Adornment",الحظر والإباحة,السكوت عن سرقة الكهرباء,أريد أن أسأل لو عرفت أنّ أناسًا يسرقون كهرباء، هل علي إثم لو عرفت وسكتّ؟,أقول وبالله التوفيق: الإثم على الفاعل لا عليك، وإنما الواجب عليك النصح والإرشاد بقدر استطاعتك، والله أعلم.
217,8284,الحظر والإباحة واللباس والزينة,"Prohibition, Dress, and Adornment",الحظر والإباحة,إطعام النصارى من لحم الأضحية,لي جاره نصرانيه طلبت مني من لحم الاضحيه اعتقد أنها تتبارك فيه، هل يجوز أن أطعمها من أضحيتي أم تقتصر على المسلمين؟,أقول وبالله التوفيق: يجوز إطعام الأضحية لمن شاء من مسلمين أو غيرهم، والله أعلم.
218,8311,المعاملات والأمانات,Transactions and Trusts,البنوك,شراء بيت من البنك مع نسبة من الفائدة,تقدمت إلى إحدى البنوك لكي أشتري لي منزل، وقد عينت عليه بنفسي ثم عرضته على البنك كي يشتريه لي، وذلك بمبلغ ٣٥ ألف دينار شريطة أن أقسطه على البنك بقسط ٢٠٠ دينار شهري وطلب مني فوائد ٢٠ ألف إضافي على ثمن المنزل ،هل يقع الربا في هذه الحاله كونه على إتفاق وكوني لم استلم نقدي ؟,أقول وبالله التوفيق: يصح العقد إن كان بنكاً إسلامياً، وإن لم يكن بنكاً إسلامية فتكون المعاملة ربوية، والله أعلم.
219,8404,الذكر والتزكية والأخلاق,"Remembrance, Purification, and Ethics",العلاقات الاجتماعية,إثم مقاطعة الغير,زوجة أخي لا تكلمني وتخاصمني من غير سبب، فهل علي إثم؟,أقول وبالله التوفيق: لا إثم عليك إن كانت هي المقاطعة، وأنت لا تمتنعي عن الوصال، ويفضل أن تحاولي الإصلاح بينكما، والله أعلم.
220,8528,العبادات,Acts of Worship,الصلاة,الصلاة بالحذاء,هل صلاتي بالحذاء صحيحة؟,أقول وبالله التوفيق: تصح الصلاة بالحذاء إن كان طاهرًا، لكن بسببه لا يقدر أن يؤدي بعض السنن في الصلاة من كيفية الجلوس افتراشا، و من توجيه الأصابع نحو القبلة في السجود والجلسة؛ لذلك يكون مُسيئًا بترك السنن، ويكون فعله مكروهًا تنزيهًا بترك المستحقات؛ لذلك كان عليه ألّا يُصلي فيه إلا لحاجة، والله أعلم.
221,8624,المعاملات والأمانات,Transactions and Trusts,البيع,بيع السلعة المُقَسَّطة,اضطررت للمال فاشتريت من تاجر جملة بطاقات خلوي بمبلغ 200دينار بالتقسيط على أن أسُدَّها 260 دينار بعد شهرين، وبعتها بمبلغ 196دينار لتاجر ثان، أنا خسرت فيها ولكن عملت هكذا حتى أحصل على مال كاش في الوقت الحالي، هل هذه المعاملة فيها ربا أو حرام,أقول وبالله التوفيق: طالما أن البيع حصل مع شخص آخر غير الذي اشتريت منه جاز، ولا ربا فيه، والله أعلم.
222,8675,المعاملات والأمانات,Transactions and Trusts,البيع,شراء سيارة على اسم كفيف لأجل الإعفاء,ما حكم شراء سيارة على اسم شخص كفيف وشكليًّا كتبت باسمه، وفي العقد كتب المشتري اسم زوجته وابنه سائقين للكفيف للاستفادة من الإعفاء، فهل هذا جائز شرعًا؟,أقول وبالله التوفيق: جاز إن كان الكفيف يستفيد من ذلك، ويعود عليه بالنفع، والله أعلم.
223,8677,المعاملات والأمانات,Transactions and Trusts,البيع,بيع سيارة عليها أقساط,شخص يملك شاحنة، عليها أقساط شهرية، وعجز عن سداد الأقساط، فعرض على صديق له أن يشتريها منه نقدًا ، ثم يقوم هو بشرائها مرةً أخرى، بدفعة أولى والباقي أقساط، مع زيادة ربح على المبلغ، وبقيت الشاحنة باسمه دون تنازل، وقام الشخص بتسديد أقساطه القديمة وأعطى صديقه دفعة أولى، وقسّط المبلغ الباقي؟,أقول وبالله التوفيق: ما قاموا به من بيع يسمى بيع العينة، وهو مشهور في كتب الفقه، وهو نوع من الربا، فيحرم شرعًا؛ لأنه لا يجوز البيع من شخص نقدًا ثم الشراء منه مقسطًا بسعر أغلى، كما في حديث عائشة رضي الله عنها مع زيد بن أرقم، والله أعلم.
224,8686,المعاملات والأمانات,Transactions and Trusts,التأمين,التأمين على حوادث السيارات,شخص عمل حادث بسيارته، وخمنت شركة التأمين الأضرار بـ (٧٠٠) دينار، وعندما ذهب ليصلح سيارته طُلب منه مبلغ ( ٤٠٠ ) دينار، هل باقي المبلغ حلال أم حرام؟,أقول وبالله التوفيق: ما قدر من شركة التأمين يكون ملكًا لصاحب السيارة؛ لأنها ممكن أن يقل، وممكن أن يزيد؛ لأنه تقدير لضرر وإصلاح ونقصان للسيارة، فلا يضر أن يصلح بأقل منه أو أكثر، والله أعلم.
225,8689,الزواج والطلاق والنفقات,"Marriage, Divorce, and Expenditures",الرضاع,حرمة العم رضاعا,أختان أنجبت كل واحده منهن بنت وقامت كل من الأختين بإرضارع بنت الأخرى، واحد البنات قام عمها بطلب أختها بالرضاعة للزواج فما الحكم؟,أقول وبالله التوفيق: عمة أحد البنات نسباً هو عم الأخرى رضاعاً، وبالتالي لا يجوز له الزواج منها؛ لأنه عمها رضاعاً؛ لأنها متى أرضعت الأم ثبتت الأمومة رضاعاً وثبتت العمومة رضاعاً، والله أعلم.
226,8712,الزواج والطلاق والنفقات,"Marriage, Divorce, and Expenditures",الطلاق,إنكار وقوع الطلاق المعلق,منذ فترة تكلمنا أنا وزوجي، وكان يقول كلامًا سيئًا وأنا سألته، هل تكلمت هكذا ؟ وهو أنكر وقال: أنا ما قلت شيئًا، وأنا قلت له: بأنك تكلمت، وهو قال: علي الطلاق ما قلت شيء، لكن أنا متأكدة إنه قال، فهل يقع الطلاق أم لا، وماذا يترتب على طلاقه؟,أقول وبالله التوفيق: هذا طلاق معلق، فإن وجد الشرط وقع الطلاق، وعليكم مراجعة المفتي للتأكد من الصورة، والله أعلم.
227,8723,الزواج والطلاق والنفقات,"Marriage, Divorce, and Expenditures",الزواج,الإجبار على الزواج,بنت زوَّجها ولي أمرها بغير رضاها بحيث قال لها قولي أمام العاقد والمأذون موافقة، والحقيقة من القلب إنها غير موافقة، فما حكم هذا العقد؟,أقول وبالله التوفيق: العقد صحيح، لكن يجوز لها فسخه لعدم تحقق الرضا منه، والله أعلم.
228,8725,الذكر والتزكية والأخلاق,"Remembrance, Purification, and Ethics",العلاقات الزوجية,كراهية الزوج لسوء تبعّله,سيدة ملتزمة ومتدينة عانت الكثير من زوجها، خيانة وإهمال وسوء تبعل، وحاولت جاهدة لإصلاحه لكن لا جدوى، وهي مضطرة للعيش معه من أجل الأولاد إلا أنها تكرهه، ولا تستطيع التحكم في قلبها، فهل تأثم على هذا الإحساس في قلبها؟,قول وبالله التوفيق: نحاسب على أفعالنا لا على ما في قلوبنا، والأولى بنا أن نصلحها بكل وسعنا، وعليك الاستمرار في طريق الخير معه من النصح والإرشاد والإحسان، والله أعلم.
229,8730,الذكر والتزكية والأخلاق,"Remembrance, Purification, and Ethics",العلاقات الزوجية,طاعة الزوج مقدمة على غيرها,أنا جئت لزياره بيت أهلي، وأنا أعيش خارج البلاد لعلاج ابني ـ عنده تأخر بالكلام ـ وجئت أنا وزوجي، ولا يوجد أي مشاكل ومتفقين، وما حصل بعدها أن أهلي لا يريدون أن أذهب مع زوجي لأن فترة العلاج طويلة، وزوجي يريد أن أذهب إلى البيت وعندما ترجع فترة العلاج أعود، وقال لي والدي: إذا تطلعي من البيت أغضب عليك، فهل غضب الأب مقبول عند رب العالمين إذا رجعت إلى بيتي وهو غضبان علي، هل سأحاسب عند الله تعالى؟,أقول وبالله التوفيق: يعتبر غضب الأب إن كان موافقًا للشرع، وفي هذه الصورة الواجب عليك طاعة الزوج والذهاب لبيتك، ومخالفة الزوج معصية في هذه الصورة، وعليك برّ والدك والإحسان إليه مهما قال مع القيام بما هو واجب عليك، والله أعلم .
230,8773,الزواج والطلاق والنفقات,"Marriage, Divorce, and Expenditures",حقوق الأولاد,إيقاظ المرأة لزوجها وأولادها للصلاة,هل يجب على المرأة إيقاظ زوجها وأولادها البالغين عند صلاة الفجر؟,أقول وبالله التوفيق: هذا من الأمر بالمعروف، وهو واجب شرعًا لمن يقدر عليه، والله أعلم.
231,8782,الزواج والطلاق والنفقات,"Marriage, Divorce, and Expenditures",الطلاق,يمين الطلاق,زوج أختي حلف يمين طلاق على زوجته بألا يدخل بيته أخو زوجته وأخوه، ما هي كفارة اليمين حتى يدخل بيتهم الأخوة، وهل وقع يمين الطلاق؟,أقول وبالله التوفيق: الطلاق يقع إن تحقق الشرط، ولا كفارة له، وعلى الزوج مراجعة مفتٍ في المسألة للاستفسار حتى يستوضح المسألة تمامًا، والله أعلم.
232,8803,الحظر والإباحة واللباس والزينة,"Prohibition, Dress, and Adornment",الطب,الأدوية المحتوية على كحول,هل يجوز تناول أدوية فيها نسبة كحول؟,أقول وبالله التوفيق: يجوز تناول الكحول الصناعي لا سيما للعلاج، والله أعلم.
233,8828,الذكر والتزكية والأخلاق,"Remembrance, Purification, and Ethics",العلاقات الزوجية,هجران الزوجة فراش زوجها,صديقتي تبغض زوجها كثيرا، وتطلب منه أن يتزوج من أخرى وتبقى هي لتربية أولادها وألا يجامعها، فهل تأثم لفعلها؟,أقول وبالله التوفيق: لا يجوز لها أن تمتنع عن زوجها، ويجب عليها حسن معاملته والتزين له وكثرة التودد له، والسعي في إصلاحه بكل طاقتها، وأن تترك التفكير السلبي لها، وتلجأ إلى الله تعالى في تيسير الأمر، والله أعلم.
234,8830,الزواج والطلاق والنفقات,"Marriage, Divorce, and Expenditures",حقوق الأولاد,العدل بين البنات,رجل لديه بنتان إحداهن تدرس في جامعة حكومية أي بدون مصاريف؛ لأنها حصلت على مجموع مكنها من ذلك، والثانية لم تحصل على مجموع عالٍ فاضطر أن يدخلها جامعة خاصة بمصاريف فهل عليه إثم في ذلك؟,أقول وبالله التوفيق، لا إثم عليه، بل يؤجر لمعروفه لها، والله أعلم.
235,8860,الزواج والطلاق والنفقات,"Marriage, Divorce, and Expenditures",الزواج,المهر المؤخر عن الزوج المتوفى,زوج مات ولم يدفع لزوجته مؤخرها ولم يترك تركة هل يسقط المؤخر؟,أقول وبالله التوفيق: المهر المؤجل يعتبر دينا فيستوفى من تركة الميت إن كانت موجودة ، وإلا سقط كما هو حكم الدين، ولا يحق لصاحبه أن يطالب أحدًا، ويبقى كحق أخروي، فيستحبّ للزوجة مسامحته عند الله تعالى، والله أعلم.
236,8926,المعاملات والأمانات,Transactions and Trusts,الغصب,التصدق بالمغصوب على الغاصب,لو غصب شخص من أحد شيئاً، فهل يجوز للمغصوب منه أن يتصدق بذلك المال على الغاصب؟,أقول وبالله التوفيق: يجوز أن يتصدق الغاصب على المغصوب بما غصب لا سيما إن كان محتاجاً له، ولم يكن فيه التصدق عليه إعانة له على الفساد، والله أعلم.
237,8937,المعاملات والأمانات,Transactions and Trusts,الخيانة,إضافة إسم من ليس له عمل في الأبحاث العلمية,أود توجيه مجموعة من الأسئلة حول موضوع الأبحاث العلمية في الجامعات. ١. هل يجوز لي إضافة أسماء بعض الزملاء كباحثين لبحث قمت أنا بكتابته فقط؟ ٢. هل يجوز أن أضيف باحثًا لبحثٍ كتبته بشرط أن يدفع هو المال للمجلة العلمية؟ ٣. هل يكون المال الذي أخذه من الجامعة إذا ترقيت بأبحاث تم إضافة اسمي لها ولم أكتبها مالاً حراماً؟,أقول و بالله التوفيق: لا يجوز إضافة اسم على البحث لمن لم يكن له جهد بحثي في البحث، ولا يكفي أن يدفع المال لإضافة اسمه للبحث، ولا يحل له أخذ مال المكافأة من المجلة أو الجامعة لمن لم يكتب البحث؛ لأنه ليس جهده، والله أعلم.
238,8944,الحظر والإباحة واللباس والزينة,"Prohibition, Dress, and Adornment",الحظر والإباحة,شراء أدوات صحية باهظة الثمن,اشترى شخص مغسلة لوضعها بغرفة الضيوف بقيمة خمسمائة دينار أو ألف دينار، فهل يجوز ذلك علمًا أنها توضع لشيء ليس ذا أهمية؟,أقول وبالله التوفيق: هذا من المباحات، فيجوز فعله للقادر عليه وإن كان الأولى نفقتها فيما هو أنفع له وللمسلمين، والله أعلم.
239,8969,الزواج والطلاق والنفقات,"Marriage, Divorce, and Expenditures",الزواج,حرمة أم الزوجة على ابن زوجها,هل يحرم ابن زوجي من زواج سابق على والدتي؟,أقول وبالله التوفيق: لا يحرم ابن زوجك على أمك لعدم أي علاقة تحريم بينهما، وهي له أجنبية فلا تصافحه ولا تنكشف عليه، والله أعلم.
240,9010,الحظر والإباحة واللباس والزينة,"Prohibition, Dress, and Adornment",الحظر والإباحة,ملابس الأم أمام بناتها,هل يجوز للأم ارتداء ملابس كاشفة مثل الشورت لزوجها أمام بناتها البالغات؟,أقول وبالله التوفيق: الفخذ من عورة المرأة على المرأة، فلا يجوز كشفه، ويمكن المبالغة في التزين للزوج فيما لا يطلع عليه الأبناء، والله أعلم .
241,9011,الذكر والتزكية والأخلاق,"Remembrance, Purification, and Ethics",العلاقات الاجتماعية,مقاطعة الأقارب,ما حكم الأهل والأخوة قاطعي رحمهم لا يزورون أختهم ولا يسألون عنها ولا بالهاتف حتى الأب مقاطعٌ لابنته لا يزورها، وهي تقوم بمراسلته على الهاتف، وهل يجوز للزوج منع الزوجة من زيارة أهلها؛ لأنهم يسببون لها مشاكل مع زوجها؟,أقول وبالله التوفيق: يحرم على الأهل والأخوة قطع رحمهم، وهم مرتكبون لمعصية كبيرة بذلك، ومع ذلك ينبغي لأختهم أن تستمر بصلتهم وبرهم احتسابًا لوجه الله تعالى، ولا يجوز لزوجها أن يمنعها من زيارة أهلها لأي سبب؛ لأن الزيارة من حقها تخرج فيها لزيارة أهلها بلا إذن زوجها، والله أعلم.
242,9066,العبادات,Acts of Worship,الصلاة,أدرك الإمام واقفاً وركع الإمام ولم يركع معه,في تحفة الملوك من أدرك الإمام واقفاً ثم ركع الإمام ولم يركع معه ثم وقف الإمام فركع المأموم يعتبر مدركاً للركعة، فكيف يعتبر مدركاً للركعة ولم يشاركه في ركن الركوع؟,أقول وبالله التوفيق: صورة المسألة: لو أن الإمام أدرك المقتدي في القيام بأن كان المقتدي مع الإمام في القيام ثم ركع الإمام ولم يركع المقتدي حتى رفع الإمام رأسه من الركوع فإن المقتدي يعدّ مدركاً لتلك الركعة بالاتفاق؛ لأنه شاركه في حقيقة القيام، ولكن تخلف عنه بالركوع فصار لاحقاً فيه فعليه أن يتبعه فيه. ينظر: شرح ابن ملك ق52/ب.
243,9076,الذكر والتزكية والأخلاق,"Remembrance, Purification, and Ethics",التوبة,توبة من خاض في أعراض الناس,ما هي كفارة من أخطأ بأعراض الناس بكذب قبل توبته، ولا يستطيع أن يعتذر له ويطلب السماح منه بسبب الحرج والمشقة وربما حصول مشاكل ؟,أقول وبالله التوفيق: الأولى به كثرة الاستغفار والتوبة إلى الله تعالى والإكثار من التصدق، ليتحقق له معاني التوبة الصادقة، والله أعلم.
244,9141,العبادات,Acts of Worship,الصوم,إكراه الزوجة على الجماع في نهار رمضان,امرأة زوجها عاشرها في نهار رمضان وهي نائمة، استيقظت وجدت نفسها مفطرة، وزوجها لا يصوم فما حكمها؟,أقول وبالله التوفيق: يحرم هذا الفعل على الزوج؛ لأنها كبيرة عظيمة، ويجب عليها أن تمنعه من ذلك، فإن أُكرهت على ذلك نسأل الله تعالى أن يعفوا عنها، والله أعلم
245,9153,الحظر والإباحة واللباس والزينة,"Prohibition, Dress, and Adornment",الحظر والإباحة,تعليم الباليه للفتاة التي تعاني من الحركة الزائدة,هل تعليم ابنتي ذات العشر سنوات الباليه حرام؟ ابنتي لديها نشاط زائد وعدم قدرة على التركيز في الدراسة، وتحب الحركة بشدة، ونصحتني معلمة لها بالتسجيل لها في كورس باليه وترددت كثيراً لسنوات ولكن ابنتي تزال ترغب في ذلك، فهل أسمح لها ولو لفتره ٦ أشهر؟,أقول وبالله التوفيق: هذا الرقص يفتح لها طريقاً محرماً في المستقبل، ويدخلها في التهلكة، فيجب عليك استبداله بشيء يحقق الحركة لديها وينفعها في دنياها وأخراها، والله أعلم.
246,9167,المعاملات والأمانات,Transactions and Trusts,البنوك,شراء من يعييش في استراليا بيت عن طريق بنك ربوي,أنا أعيش في أستراليا، هل يجوز لي شراء منزل عن طريق البنوك الربوية وخاصة الوضع الحالي يوجد أزمة في موضوع العقارات ولا يوجد منازل جيدة للسكن، وأُقدم طلب للإيجار ويأتي الرد بالرفض؛ بسبب أن عملي يعتبرونه غير ثابت ودخلي محدود ويوجد معي أطفال وهم يفضلون بقبول أصحاب الدخل المرتفع والعائلة الصغيرة لمنازلهم، والآن لدي أقل من شهر لتسليم منزلي لأن صاحب المنزل قد باعه، وقد سمعت فتاوى تقول أنك إذا مضطر يمكن الشراء بالربا، فما هي الدرجة التي اعتبر نفسي فيها مضطر، هل حين أصبح بالشارع أنا وأولادي حتى أكون مضطر في هذه الحالة ؟,أقول وبالله التوفيق: إن كان هناك ضرر لا يحتمل في بلادكم جاز، ويحتاج إلى تقدير إلى مفتي من دولتكم تثق بعلمه وتقواه، فيمكن العمل أحياناً بقول أبي حنيفة في المسألة في غير بلاد المسلمين، والله أعلم.
247,9170,المعاملات والأمانات,Transactions and Trusts,البيع,تعاطي الماريجوانا والإتجار بها,هل تعاطي الماريجوانا -الماريجوانا تمثل رؤوس نباتات القنب، ويتم قطفها وتجفيفها تمهيداً لتناولها، وهي تحتوي على مواد مركزة في المواد المخدرة، مما يجعلها الأخطر على الإطلاق في مجال إدمان المخدرات- حرام، علماً أنه يعيش في بلد أجنبي وتداولها مسموح به وقانوني، وأيضاً هل الإتجار بها حلال؟,أقول وبالله التوفيق: إن كان يتناولها الفساق للسكر والإدمان عليها، فهي محرمة، فلا يجوز شراؤها ولا التجارة بها، وإن كانت تشرب وتستعمل لأغراض أخرى جاز الانتفاع بها والتجارة، والله أعلم.
248,9201,الحظر والإباحة واللباس والزينة,"Prohibition, Dress, and Adornment",الحظر والإباحة,حكم الاحتفال بالأعياد المختلفة,ما حكم الاحتفال بعيد العمال أو الشجرة أو غيرها؟,أقول وبالله التوفيق: هو من المباحات؛ لأنَّ هذه الأمور من المستحسنات بين البشر، وفيها نشر للفضيلة والصفات الكريمة، فتوافق رسالة الإسلام، فعن ابن عباس ، قال: « لما قدم النبي  المدينة وجد اليهود يصومون عاشوراء، فسئلوا عن ذلك، فقالوا: هذا اليوم الذي أظفر الله فيه موسى، وبني إسرائيل على فرعون، ونحن نصومه تعظيماً له، فقال : نحن أولى بموسى منكم، ثم أمر بصومه» في صحيح البخاري5: 70، فلمّا كان ما يفعلونه خيرٌ وصلاحٌ، فعله النّبيّ  وأمر به، ولم يمتنع عن فعله؛ لكونه من التَّشبه بهم، وهكذا الحال في كلِّ الخيرات والصالحات، والله أعلم.
249,9215,الذكر والتزكية والأخلاق,"Remembrance, Purification, and Ethics",أخلاق وآداب,التكبر... وعلاجه,ما حكم التكبر وكيف نعالجه؟,"أقول وبالله التوفيق:إن التكبُّرَ من أكثر الأمراض النفسية شيوعاً، فلا يكاد ينجو منه إلا مَن رحمه الله ، وحظّ الناس فيه متفاوت، فمنهم مَن له النصيب الوافر، ومنهم مَن له أدنى نصيب، ولا بُدّ لكلّ منّا أن يبذلَ قصارى جهده لتنقية نفسه منه، وتزكيتها بالتواضع، وهذا كلُّه سنعرض له فيما يلي، وسنهتمّ بالكلام على مَن جعلوا التكبُّرَ سبيل حياة يتربُّون عليه، ويظنُّون أنه الدين الحقّ.
والكبر معدود من الكبائر كما ذكر ابن حجر في الزواجر(1: 169) للآيات الكثيرة الواردة في ذمّ الكبر، والنهي عنه، ومنها قوله :{إِنَّهُ لا يُحِبُّ الْمُسْتَكْبِرِينَ} النحل: 23، وقوله :{إِنَّ الَّذِينَ يَسْتَكْبِرُونَ عَنْ عِبَادَتِي سَيَدْخُلُونَ جَهَنَّمَ دَاخِرِينَ} غافر: 60: أي صاغرين.
والكِبر اسم من التَّكبّر، والتَّكَبُّر والاسْتكْبار: التَّعَظُّم، قال ابن القُوطِيَّة: الكِبر اسمٌ من كَبْرَ الأمرُ والذنبُ كُبْراً إذا عَظُمَ، والكبْرُ العظمةُ، والكبرياء مثله، كما في المصباح(ص523-524). والكبر إما باطن: وهو خلق في النفس، واسم الكبر بهذا أحقّ، وإما ظاهر وهو أعمال تصدر من الجوارح، وهي ثمرات ذلك الخلق وعند ظهورها يقال له تَكبّر، وعند عدمها يقال في نفسه كبر، فالأصل هو خلق النفس الذي هو الاسترواح والركون إلى رؤية النفس فوق المُتَكَبَّر عليه، كما في الزواجر(1: 188). والمتكبِّرُ مَن يرى نفسه فوق ذلك الغير في صفات الكمال، فعند ذلك يكون متكبّراً، ولا يكفي أن يستعظم نفسه ليكون متكبِّراً، فإنه قد يستعظم نفسه ولكنّه يرى غيره أعظم من نفسه أو مثل نفسه فلا يتكبّر عليه، ولا يكفي أن يستحقر غيره، فإنه مع ذلك لو رأى نفسه أحقر لم يتكبّر، ولو رأى غيره مثل نفسه لم يتكبر، بل ينبغي أن يرى لنفسه مرتبة ولغيره مرتبة، ثم يرى مرتبة نفسه فوق مرتبة غيره، فعند هذه الاعتقادات الثلاثة يحصل فيه خلق الكبر...
وهذه العقيدة تنفخ فيه، فيحصل في قلبه اعتداد وهزة وفرح وركون إلى ما اعتقده وعزّ في نفسه بسبب ذلك، فتلك العزّة والهزّة والركون إلى هذا الخلق الكبر... فالكبر عبارة عن الحالة الحاصلة في النفس من هذه الاعتقادات، وتُسمَّى أيضاً عزّة وتعظماً... وهذه العزّة تقتضي أعمالاً في الظاهر والباطن هي ثمرات ويسمّى ذلك تكبّراً، فإنه مهما عظم عنده قدره بالإضافة إلى غيره حقَّرَ مَن دونه وازدراه وأقصاه عن نفسه وأبعده، وترفَّعَ عن مجالسته ومؤاكلته... قال : « الكبر من بطر الحق وازدرى الناس» في المستدرك(1: 78)، وصححه، صحيح ابن حبان(12: 280). فهذا هو الكبر وآفته عظيمة وغائلته هائلة، وفيه يهلك الخواص من الخلق، وقلَّمَا ينفك عنه العباد والزهاد والعلماء فضلاً عن عوام الخلق، وكيف لا تعظم آفته وقد قال : « لا يدخل الجنة مَن كان في قلبه مثقال حبَّة من خردل من كبر، ولا يدخل النار مَن كان في قلبه مثقال حبة من إيمان» في سنن الترمذي(4: 360)، وقال: حسن صحيح، وصحيح مسلم(1: 93). وإنما صار حجاباً دون الجنة؛ لأنه يحول بين العبد وبين أخلاق المؤمنين كلّها، وتلك الأخلاق هي أبواب الجنة، والكبر وعزّة النفس يغلق تلك الأبواب كلّها؛ لأنه لا يقدر على أن يحبَّ للمؤمنين ما يحبّ لنفسه وفيه شيء من العزّ.
ولا يقدر على التواضع وهو رأس أخلاق المتقين وفيه العزّ.
ولا يقدر على ترك الحقد وفيه العز.
ولا يقدر أن يدوم على الصدق وفيه العز.
ولا يقدر على ترك الغضب وفيه العزّ.
ولا يقدر على كظم الغيظ وفيه العزّ.
ولا يقدر على ترك الحسد وفيه العزّ.
ولا يقدر على النصح اللطيف وفيه العزّ.
ولا يقدر على قبول النصح وفيه العزّ.
ولا يسلم من الازدراء بالناس ومن اغتيابهم وفيه العزّ.
ولا معنى للتطويل فما من خلق ذميم إلا وصاحب العزّ والكبر مضطرٌ إليه ليحفظ عزّه، وما من خلق محمود إلا وهو عاجز عنه خوفاً من أن يفوته عزّه، فمن هذا لم يدخل الجنة مَن في قلبه مثقال حبّة منه، كما في الإحياء(3: 363). والكِبْر والتَّكَبُّر والاسْتكْبار متقاربة؛ إذ الكِبْرُ: حالةٌ يتخصّص بها الإنسان من إعجابه بنفسه وأن يرى نفسَه أَكْبَر من غيره، وأعظم الكِبْر التَّكَبُّر على الله  بالامتناع عن قَبول الحقّ.
والاسْتكْبارُ على وَجْهَيْن: أحدُهما: أن يَتَحَرَّى الإنسانُ ويَطْلُبُ أن يكونَ كبيراً، وذلك متى كان على ما يَجِب، وفي المكان الذي يَجِبْ، وفي الوقت الذي يَجِبْ فهو محمود.
والثاني: أن يَتَشَبَّعَ فيُظهِر من نَفْسِه ما ليس له، فهذا هو المَذْموم، وعليه وَرَدَ القرآن وهو قوله :{إِلَّا إِبْلِيسَ أَبَى وَاسْتَكْبَرَ} البقرة: 34.
وأما التَّكَبُّر فعلى وَجْهَيْن: أحدهما: أن تكونَ الأَفعالُ الحسَنةُ كبيرةً في الحقيقة وزائدةً على محاسن غيرِه، وعلى هذا قولُه :{الْعَزِيزُ الْجَبَّارُ الْمُتَكَبِّرُ} الحشر: 23.
والثاني: أن يكون مُتَكَلِّفاً لذلك مُتَشَبِّعاً، وذلك في عامّة الناس نحو قوله :{كَذَلِكَ يَطْبَعُ اللهُ عَلَى كُلِّ قَلْبِ مُتَكَبِّرٍ جَبَّارٍ}غافر: 35.
وكلّ مَن وُصِف بالتكبُّر على الوجه الأول فمحمود دون الثاني، ويدلُّ على صحّة وَصف الإنسان به قوله :{سَأَصْرِفُ عَنْ آيَاتِيَ الَّذِينَ يَتَكَبَّرُونَ فِي الْأَرْضِ بِغَيْرِ الْحَقِّ} الأعراف: 146.
والتَّكَبُّر على المُتَكَبِّر صدقة. والكِبْرِياء: التَّرَفُّع عن الانْقِياد ولا يَسْتَحِقُّهُ إلاَّ اللهُ ، فعن أبي هريرة ، قال : « قال : الكبرياء ردائي والعظمة إزاري فمَن نازعني واحداً منهما قذفته في النار» في سنن أبي داود 2: 456)، وسنن ابن ماجة(2: 1397)، وصحيح ابن حبان(2: 36)، كما في تاج العروس (ص3439). سبب التكبر:
مما سبق يتبين لنا الحامل على الكبر هو اعتقاد كمال تميزه على الغير بعلم أو عمل أو نسب أو مال أو جمال أو جاه أو قوة أو كثرة أتباع، كما في الزواجر(1: 82)؛ لذلك قال الغَزالي في الإحياء(3: 367): اعلم أنه لا يتكبر إلا متى استعظم نفسه، ولا يستعظمها إلا وهو يعتقد لها صفة من صفات الكمال. وجماع ذلك يرجع إلى كمال ديني أو دنيوي، فالديني هو العلم والعمل، والدنيوي هو النسب والجمال والقوة والمال وكثرة الأنصار.
علاج الكبر:
ومن النظر في أسباب الكبر يظهر أنه خلق مكتسب، ويشهد له قوله : « لايزال الرجل يتكبر ويذهب بنفسه حتى يكتب من الجبارين فيصيبه ما أصابهم» في سنن الترمذي(4: 362)، وحسنه، والمعجم الكبير(7: 21). ولا بُدَّ للإنسان أن لا يكتسبه ويخلص منه إن ظهر فيه؛ لأن الكبر من المهلكات ولا يخلو أحد من الخلق عن شيء منه، وإزالته فرض عين، ولا يزول بمجرد التمنّي، بل بالمعالجة واستعمال الأدوية القامعة له، ومن ذلك:
1.استئصال أصله وقلع شجرته من مغرسها في القلب، وله طريقان:
أ.نظري: بأن يعرف نفسه ويعرف ربّه تعالى، ويكفيه ذلك في إزالة الكبر، فإنه مهما عرف نفسه حق المعرفة علم أنه أذلّ من كلّ ذليل وأقلّ من كلّ قليل، وأنه لا يليق به إلا التواضع والذلّة والمهانة، وإذا عرف ربّه علم أنه لا تليق العظمة والكبرياء إلا بالله  ... قال : « ما تواضع أحد لله إلا رفعه الله» في صحيح مسلم(4: 2001)، وقال : « من يتواضع لله سبحانه درجة يرفعه الله به درجة، ومن يتكبر على الله درجة يضعه الله به درجة، حتى يجعله في أسفل السافلين» في سنن ابن ماجة(2: 1398)، وصحيح ابن حبان(12: 491). ب.عملي: فهو التواضع لله بالفعل ولسائر الخلق بالمواظبة على أخلاق المتواضعين، كما كانت أحوال رسول الله  حتى إنه  كان يأكل على الأرض، ويقول: « آكل كما يأكل العبد، وأجلس كما يجلس العبد» في مسند أبي يعلى(8: 318)، والمعجم الكبير(8: 200)، ومصنف ابن أبي شيبة(7: 87)، وكما كانت أحوال الصالحين والزهاد... فيكثر من القراءة والاطلاع عليها والتزامها في حياته.
2.دفع العارض منه بالأسباب التي بها يتكبر الإنسان على غيره، كما سبق ذكرها وليتذكر أن الكمال الحقيقي هو العلم والعمل، فأما ما عداه مما يفنى بالموت فكمال وهمي...، كما في الإحياء(3: 377-380)، قال : « إن الله  أوحى إلي أن تواضعوا حتى لا يفخر أحد على أحد ولا يبغي أحد على أحد» في صحيح مسلم(4: 2198). وليعلم أن هذه الأسباب الداعية للكبر إنما هي من فضل الله ونعمته عليه فلماذا يتكبر؛ إذ التأثير لموجدها والمنعم بها، فينبغي أن لا يكون إعجابه إلا بما أسداه إليه الحقّ وأجراه عليه وآثره به دون غيره من مزايا جوده وكرمه مع عدم سابقة استحقاق منه لذلك، كما في الزواجر(1: 188). وطالما أن الخير والفضل كله من الله  لم يكن لبشر أن يتكبر على أحد، وهذا أكده القرآن فيما سبق، ونهى مرتكبه أشدّ النهي، وأرهبه بأشد العقوبات له، وبذلك وردت الأحاديث المتعددة مما ذكر ومما لم يذكر، حتى وصف رسول الله  المتكبرين يوم القيامة فقال : « يحشر المتكبرون يوم القيامة أمثال الذر في صورة الرجال، يغشاهم الذل من كل مكان، يساقون إلى سجن من جهنم يسمى: بولس، تعلوهم نار الأنيار، ويسقون من عصارة أهل النار، طينة الخبال» في سنن الترمذي(4: 655)، وصححه، والأدب المفرد(2: 328). وفيما استخلصناه من كلام الأكابر كالغزالي وابن حجر والزبيدي عن الكبر وأحواله وأوصافه وأسبابه وعلاجه كفاية للمتبصر من أهل زماننا؛ لاسيما ممن يشتغلون في حقل الدعوة ويلتزمون أحزاباً وجماعات ينتسبون لها ويعلمون من خلالها، فإن أبرز ما يميزهم في سلوكهم تعاليهم على الآخرين، وتعظيم أنفسهم وأعمالهم وسلوكهم.
فالعلم الذي لا يزيد صاحبه إلا تواضعاً لا خير فيه، والعمل الذي لا يزيد صاحبه إلا تواضعاً لا خير فيه، فينبغي أن يكون حافظ القرآن من أكثر الناس تواضعاً لو كان عالماً وعاملاً بما حفظ، ولكن لما لم يتعلم معنى ما يحفظ، ولم يعمل به، زاده حفظه تكبراً وعلواً على الآخرين.
وكذلك مَن عمل في الدعوة لله ، ينبغي له أن يعلم حقيقة دين الله ؛ ليتمكن من الدعوة الصحيحة له، ولا يكون ذلك إلا بدراسته على العلماء الربانيين، لا من الكتيبات والسديات والمطويات والمجلات؛ لأن العلم إن خلا عن التربية فقد ثمرته وهي العمل، وطريق ذلك هي المجالس والمدارسة مع أهل الخير وفضله ممن أفنوا أعمارهم في العلم.
فهذا الخلق الذميم الذي ابتلي به المؤمنون لا سبيل لهم للتلخص منه إلا بملازمة طريقة أهل السنة من العلم والعمل، والدراسة على طريقتهم المشهورة، والتزام مناهجهم، فما وسع أمتنا في تاريخ الحافل ينبغي أن يسعنا، وإن السير على خطاهم هو الخيار الوحيد؛ لأن طريقهم هي طريق النبي ، قال : « إن العلماء ورثة الأنبياء» في صحيح ابن حبان(1: 289)، وسنن الترمذي(5: 48)، وسنن أبي داود(3: 317)، وهذا ما أمرنا به الله :{لَقَدْ كَانَ لَكُمْ فِي رَسُولِ اللهِ أُسْوَةٌ حَسَنَةٌ لِمَنْ كَانَ يَرْجُو اللهَ وَالْيَوْمَ الْآخِرَ وَذَكَرَ اللهَ كَثِيراً} الأحزاب:21. والله أعلم."
250,9240,المعاملات والأمانات,Transactions and Trusts,الإجارة,أخذ الأجرة على الطاعات,من المعلوم أنه لا يجوز أخذ الأجرة على تلاوة القرآن، لكن ما حكم أخذ الأجرة على كل من: تغسيل الموتى، والرقية الشرعية، وإعطاء موعظة من قبل الواعظات، والإنشاد في الموالد؟,أقول وبالله التوفيق: يجوز أخذ الأجرة عليها؛ لأنها منافع وخيرات يستفيد منها المسلمون، ومن يفعلها يحبس وقته من أجلها، والله أعلم.
251,9251,الحظر والإباحة واللباس والزينة,"Prohibition, Dress, and Adornment",الحظر والإباحة,التوفيق بين حل طعام أهل الكتاب وعدم حل الأكل مما لم يذكر عليه اسم الله,كيف نجمع بين الآيتين: {وطعام الذين أوتوا الكتاب حل لكم} وبين آية {ولا تأكلوا مما لم يذكر اسم الله عليه}؟,أقول وبالله التوفيق: الآية الثانية خاصة بالمسلمين، وأهل الكتاب جاز ذبحهم لأنهم يشبهون المسلمين في الذبح، أما إن تركوا تعاليم دينهم في ذلك فلا يجوز أكلهم، والله أعلم.
252,9264,المعاملات والأمانات,Transactions and Trusts,البيع,شراء عقد مسروق,يوجد شخص سرق عقد ذهب من امرأة يهودية، وأُمي تُريد شراءه وأنا أمانعها وأقول لها: حرام، قالت لي: إن قمت بتعطيل الشراء سوف تغضب علي ليوم الدين ولن تسامحني أبداً ماذا أفعل؟,أقول وبالله التوفيق: هذا من الأمر بالمعروف والنهي عن المنكر، فعليك النصيحة والقول بالمعروف، والإثم يكون على الفاعل، والله أعلم.
253,9265,الحظر والإباحة واللباس والزينة,"Prohibition, Dress, and Adornment",الحظر والإباحة,الأكل والهدية من مال الربا,ابنى محاسب وتقدّم للعمل في البنك الأهلى وهو بنك ربوى طبعاً، فحاولت معه بكل استطاعتى ولكنه استمر فى الاختبارات وبالفعل تم تعيينه في البنك، هل عمله فى البنك حرام ولا يوجد أى طريقة حتى يطهّر مرتّبه من الربا، وهل لو اشترى لى أى هدية أو أعطانى فلوساً هل حرام علي أن آخذها، ولو أحضر لى طعاماً هل حرام أن آكله فهو يشارك فى شراء بعض مستلزمات البيت؟,أقول وبالله التوفيق: إن كان عملك ابنك في البنك في عقد العقود الربوية أو الترويج للربح، فيكون كسبه خبيثاً ولا يحل أكل طعامه ولا قبول هديته، وإن كان عمله بخلاف ذلك حل راتبه؛ لأنه عمله في نفسه مباح، والله أعلم.
254,9266,الحظر والإباحة واللباس والزينة,"Prohibition, Dress, and Adornment",الحظر والإباحة,منع الأم ابنها من الزواج,عندي أخي من ثلاث سنوات يكلم فتاة ويتبادل معها الهدايا ويخرج معها في منتصف الليل ويتكلم معها في الهاتف، والبنت تخرج بلباس ضيق ومكياج صارخ والأب والأم على علم بكل شيء، ووالدتي امرأه تخاف الله ورسوله لما علمت بالموضوع كلمت البنت ونصحتها أكثر من مرة أن تبتعد عن أخي، وحاولت معاقبة أخي كثيراً، والآن هو يريد يتزوجها وأمي ترفض هذا الزواج فهل تأثم بهذا؟,أقول وبالله التوفيق: من كان حالها هكذا لا تصلح أن تكون زوجة، وعلى والدتك بذل قصارى جهدها في المنع إن كانت تقدر، فإن لم تقدر يكون الإثم على الفاعل هذا الزواج، وليس عليها، والله أعلم.
255,9274,الزواج والطلاق والنفقات,"Marriage, Divorce, and Expenditures",الطلاق,تعليق الطلاق على كلام الزوجة,زوج نطق بالطلاق ثلاث مرات، فقال: أنت طالق طالق طالق إذا تكلمت مع هذا الشخص، مع العلم من الصعب مقاطعة هذا الشخص لأنه يتردد عليناً كثيراً فمثلاً حين يأتي ويسلّم كيف لا أستطيع رد السلام أو تحدث معه، كيف لي الصمت هل يوجد حل فضيلة، والزوج ندم على ذلك، فهل له كفارة لحل ذلك؟,أقول وبالله التوفيق: هذا طلاق معلق على وقوع الشرط فإن وقع الشرط تحقق الطلاق، وعليك تجنب الكلام معه، وعلى زوجك مراجعة المفتي لليتثبت من الصورة الواقعة، واللهأعلم.
256,9328,الحظر والإباحة واللباس والزينة,"Prohibition, Dress, and Adornment",أحكام النساء,تجويد المرأة بالقراءة أمام الرجال,هل يجوز للمرأة القراءة من القرآن في المحاضرات أو أمام الرجال بالتجويد؟,أقول وبالله التوفيق: يستحسن أن لا تتعلم المرأة القرآن مع الرجال إلا إذا لم يكن امرأة تعلمها؛ لأنها في تحسين صوتها للتجويد فتنة للرجال، الله أعلم.
257,9333,الذكر والتزكية والأخلاق,"Remembrance, Purification, and Ethics",قراءة القرآن,قراءة الفاتحة على روح الميت,سمعت شيخ يقول أنّ قراءة الفاتحة على روح الميت بدعة فما صحة كلامه، وهل قال به أحد العلماء المعتبرين؟,أقول وبالله التوفيق: قراءة الفاتحة عن الميت هي من إهداء ثواب قراءة القرآن للأموات، وهو جائز عند أهل السنة، وخالف في ذلك من خرج عن منهاج أهل السنة فلا يلتفت لقولهم، والله أعلم.
258,9419,العبادات,Acts of Worship,الطهارة,الدم النازل بعد سقوط أحد التوأمين,أسقطت جنين خمسة أشهر، وبقي في بطنها جنين، ثم ولدت في الشهر الثامن، كيف تحسب مدة النفاس؟,أقول وبالله التوفيق: يحسب النفاس بعد الجنين الأول، وما يخرج بعد الثاني يكون دم استحاضة، والله أعلم.
259,9444,الزواج والطلاق والنفقات,"Marriage, Divorce, and Expenditures",الزواج,استبدال مهر المرأة بنفقة دراستها بالاتفاق الزوجين,متزوجة من عشرة سنين، لم أقبض المهر المعجل ولا المؤجل من زوجي ، هل يجوز لي أن اتفق معه على أن يدفع لي الرسوم الجامعية ويعتبرها من المهر ؟,أقول وبالله التوفيق: المهر دين كسائر الديون يمكن أن يستبدل بأي منفعة أو عين: كالتعليم وغيره، والله أعلم.
260,9479,الزواج والطلاق والنفقات,"Marriage, Divorce, and Expenditures",الطلاق,الطلاق المعلق وحكم الإتيان بشرطه,زوج حلف على زوجته يمين الطلاق وهو غضبان، وقال لها إن ذهبت لزيارة أختك فأنت طالق، ثم بعدها سمح لها بزيارة أختها، فما هو حكم اليمين، وهل وقع الطلاق، وماذا على الزوج أن يفعل، وإذا ذهبت بعد ما سمح لها هل عليها شيء؟,أقول وبالله التوفيق: إن كان في حالة الغضب ضرب أو شتم أو كسر، فلا يقع الطلاق، وإن لم يكن هكذا، فإن أراد منعها مطلقاً وقع الطلاق، وإن أراد منعها مدة وذهبت بعد مرور لا يقع الطلاق، وعليه مراجعة المفتي للتحقق من الصورة، والله أعلم.
261,9534,المعاملات والأمانات,Transactions and Trusts,الشركة,الشركة في الربح دون الخسارة,هل يجوز أن يضع رجل مبلغ (٢٠٠٠) دينار لدى محل ويقول له صاحب المحل: تأخذ من مربحها كل فترة وتبقى الألفين ثابتة فمتى أردتها تأخذها غير منقوصة؟,أقول وبالله التوفيق: هذه مضاربة، وهي أن تدفع مبلغاً من المال لشخص للتجارة، ويكون الربح له بينهما على ما اتفقا، وكذلك الأمر في الخسارة، فإن تحقق هذا جاز، والله أعلم.
262,9544,الحظر والإباحة واللباس والزينة,"Prohibition, Dress, and Adornment",الحظر والإباحة,الربح من المسابقات التجارية,هل الربح في المسابقات على الصفحات الإلكترونية والبرامج التلفزيونية ، وأخذ جوائز مباح؟,أقول وبالله التوفيق: تصح المسابقة إن لم تخالف الشريعة ولم تكن صورة من صور القمار، وإن خالفت ذلك لم تحل شرعاً، والله أعلم.
263,9553,الذكر والتزكية والأخلاق,"Remembrance, Purification, and Ethics",العلاقات الزوجية,حق المرأة في الذهب الذي أعطته لزوجها,امراة وضعت ذهبها حتى يخرج زوجها من السجن، وبعد سنة طالبت به وهي نادمة لأنها أعطته ذهبها، فهل من حقها طلب هذا الذهب؟,أقول وبالله التوفيق: يجوز لها مطالبته به؛ لأنها كانت كالمقرضة له من إجل الخروج من السجن، ويلزم عليه دفع الذهب لها، والله أعلم.
264,9565,الحظر والإباحة واللباس والزينة,"Prohibition, Dress, and Adornment",أحكام النساء,انكشاف المرأة على فاقد الأهلية لوجوده في بيتها,أختي سلفها عنده متلازمة داون وعمره ٣٦ سنة، توفيت والدته ووالده، وترغب أن تحضره للعيش معها وزوجها وأولادها، هل يجوز أن يعيش معها، وأن تخلع الحجاب أمامه؟,أقول وبالله التوفيق: إن انتقل إليهم للبيت، فهو رجل أجنبي، ولا يجب الكشف أمامه ولا الخلوة به؛ لأنه محرم عليه، والله أعلم.
265,9579,الحظر والإباحة واللباس والزينة,"Prohibition, Dress, and Adornment",الحظر والإباحة,استخدام الانترنت الممنوح للأهالي في غير التدريس,",وزارة التربية تعطي الطلاب جيجات لأجل استخدامها في المنصة، هل يجوز لي أنا أمهم أن أتابع عليها الدروس على الزوم واستخدمها بشكل شخصي؟",أقول وبالله التوفيق: الأصل في استخدامها أن يكون لما أعطيت له، فإن كان فيها فائض عن حاجة الطلاب يمكن الانتفاع به؛ لأنه إن ترك سيكون هدراً بلا انتفاع، والله أعلم.
266,9598,الذكر والتزكية والأخلاق,"Remembrance, Purification, and Ethics",العلاقات الزوجية,حرمان الزوجة من حقوقها,زوج يحرم زوجته من الجماع، ويقول لها أنا اجامعك شفقة، ما حكمه؟,أقول وبالله التوفيق: يجب على الزوج إعطاء زوجته حقه من الجماع، فهو واجب عليه، وليس متفضل به، والله أعلم.
267,9632,الزواج والطلاق والنفقات,"Marriage, Divorce, and Expenditures",الزواج,زواج الرجل من زوجة عمه أو خاله,هل يحل للرجل الزواج من زوجة عمه أو خاله بعد وفاته؟,أقول وبالله التوفيق: يباح الزواج من زوجة العم والخال والأخ بعد طلاقه أو وقاته؛ لأنها حرمتها مؤقتة وقد زالت، والله أعلم.
268,9634,العبادات,Acts of Worship,الطهارة,اجتماع الحدثين في غسل واحد,أخت أجنبت ثم حاضت، وعند الإغتسال بعد مضي زمن الحيض، اغتسلت للحيضة ولم تنو للجنابة، هذا الأمر حدث معها قبل 20 عام، فتسأل عن حكم الغسل، وعن حكم الصلوات في السنوات السابقة، و هي خائفة أن تكون صلاتها وعمرتها في السنوات السابقة غير صحيحة، وماذا يترتب عليها ؟,أقول وبالله التوفيق: غسلها صحيح وصلاتها صحيحة؛ لأنها النية في الغسل سنة، وتكون للطهارة فقط بلا حاجة لرفع جنابة وحيض، والله أعلم.
269,9662,الذكر والتزكية والأخلاق,"Remembrance, Purification, and Ethics",العلاقات الزوجية,إخفاء مرض الزوج عن الزوجة,ما حكم زواج الرجل الذي يحمل مرض جنسي معدي بدون إخبار الزوجة؟,أقول وبالله التوفيق: يحرم على المريض مرضاً معدياً الزواج من غيره حتى يخبره بذلك؛ لأنه خيانة وخداع، والله أعلم.
270,9712,الذكر والتزكية والأخلاق,"Remembrance, Purification, and Ethics",قراءة القرآن,الأفضل في قراءة سورة الكهف,أيهما أفضل اقرأ سورة الكهف في صلاة ركعتين فقط، أو بدون صلاة؟,أقول وبالله التوفيق: قراءة القرآن في داخل الصلاة أفضل من قراءته خارجها؛ لاجتماع عبادتين، والله أعلم.
271,9756,المعاملات والأمانات,Transactions and Trusts,البيع,بيع الذهب مقابل المال دون وزن,هل ممكن أبيع أخوي سوارة من الذهب بدون وزن، أقول له هذه الإسوارة بعشرين دينار، ويعطيني ثمنها ويأخذها؟,أقول وبالله التوفيق: يجوز الذهب بلا وزن إن بيع بخلاف جنسه من النقود وغيرها، فيصح بيع الإسوارة في صورتكم، والله أعلم.
272,9799,الزواج والطلاق والنفقات,"Marriage, Divorce, and Expenditures",الطلاق,حكم الخلع بعد الطلقة الثانية,زوجة طلقت مرتين من زوجها، وفي المرة الثالثة خلعته هي؟ هل الخلع يحسب طلاق، يعني أصبحت ثلاث طلقات أم لا؟,أقول وبالله التوفيق: الخلع الشرعي نوع من أنواع الطلاق، ويقع به طلقة، ويلزم العدة، والله أعلم.
273,9803,الحظر والإباحة واللباس والزينة,"Prohibition, Dress, and Adornment",الحظر والإباحة,استخدام صورة لمنتج موقع إلكتروني للترويج للمنتج الشخصي,ما الحكم إذا نزلت صورة عن موقع أمازون سعر الكتاب عندهم، وسعر الكتاب عنا، هل يدخل في باب البيع على الأخ، سعر الكتاب عندهم ضعف الكتاب الذي عندي؟,أقول وبالله التوفيق: صورة النهي في البيع على بيع أخيه، فيما لوحصل تراض بين البائع والمشتري، فدخل ثالث عليهما في العرض، فهو مكروه، وما تفضلتم به مختلف، والله أعلم.
274,9810,الحظر والإباحة واللباس والزينة,"Prohibition, Dress, and Adornment",الحظر والإباحة,استخدام الموظف لموقعه في العمل في الدلالة والسمسرة,هو مهندس ويعمل بمكتب هندسي ، وإذا أراد شخص بناء بيت يذهب للبلدية من أجل الرخصة والأوراق اللازمة لذلك ، ثم يقوم مسَّاحوا البلدية بتوجيه هذا المواطن للذهاب لهذا المكتب الهندسي من أجل إصدار المخطط الهندسي ، وبالطبع المكتب الهندسي يأخذ أُجرة على هذه المخططات ، ثم يأتي مسّاح البلدية لهذا المكتب الهندسي ويقول له: أنا بعثتُ لك زبون من أجل إصدار مخطط هندسي ، فأُريد عمولتي لأنني دللته عليك ، السؤال : بما أن هذا المسّاح موظف في البلدية فهل يجوز له إستغلال وظيفته في الدلالة على المكتب الهندسي من أجل منفعة شخصية ، وهل ما يأخذه من المكتب الهندسي يَحلُّ له أم لا؟ وإذا كان لا يحل؟ فهل على هذا المكتب إثم في تلك العمولة التي يُعطيها لذلك المسّاح؟,أقول وبالله التوفيق: موظف البلدية يحرم عليه هذه المعاملة؛ لأنها من باب الرشوة؛ لأنها توجيه للمواطن للمكتب يترتب عليه مساعدة هذا الموظف له في المعاملة في المستقبل، فلا يجوز له أخذ العمولة من المكتب، ولا يحل لصاحب المكتب دفعها للموظف كذلك، والله أعلم.
275,9821,الحظر والإباحة واللباس والزينة,"Prohibition, Dress, and Adornment",أحكام النساء,ضابط تحقق الفتنة للمرأة الجميلة لوجوب الخمار عليها,ما هو ضابط المرأة الجميلة التي يجب عليها تغطية الوجه؟,أقول وبالله التوفيق: ما يكون جمالها ظاهراً، بحيث يكون في النظر إليها؛ لتعلق القلوب بها، والله أعلم.
276,9841,الزواج والطلاق والنفقات,"Marriage, Divorce, and Expenditures",الزواج,الفرق بين المطلقة والأرملة,هل يوجد أفضلية للمرأة الأرملة على المطلقة في الشرع؟,أقول وبالله التوفيق: التفضيل في الشرع على التقوى والصبر على الابتلاء، فمن كانت من أهلهما كانت أفضل، والله أعلم.
277,9846,المعاملات والأمانات,Transactions and Trusts,الإجارة,الإتفاق على تقليل أيام الدوام بإذن المدير من كتاب رسمي,أنا اعمل بمركز في وزارة ، مكان سكني بعيد عن الدوام، أخبرني المدير اتفقي أنتِ وزميلتك على الدوام، حلال أم حرام إتفاقي بأن أداوم ثلاثة أيام وهي تداوم الثلاثة الباقية من غير كتابة إجازة بإذن المدير؟,أقول وبالله التوفيق: إن كان هذا من صلاحيات المدير جاز، وإن لم يكن له الحق في مثل هذه التصرف فلا يجوز، والله أعلم.
278,9853,العبادات,Acts of Worship,الصوم,تداخل صيام كفارة القتل,سائق باص عمل حادث وماتوا الركاب ستاً وعشرين راكباً والسائق بقي على قيد الحياة، هل يلزمه الصيام الكفارة لكل منهم؟,أقول وبالله التوفيق: يلزم الصيام لكل واحد منهم شهرين متتاليين، والله أعلم.
279,9875,الذكر والتزكية والأخلاق,"Remembrance, Purification, and Ethics",العلاقات الزوجية,التعامل مع إساءة الزوج,زوجي متغير بتصرفاته لا أعلم ما به ، من أول ما صرت بالشهر الثامن وصار منظري مختلف بسبب الحمل، يقول لي: متحملك ومن هالحكي مع إني أجمل منه بكثير، ومش هاي مشكلتي مشكلتي انه ما بحكي معي في البيت وكأنه غريب، بحاول الإنشغال مع أولادي، بالإضافة إلى عملي خارج المنزل، ماذا أفعل نفسيتي بالحضيض مع قرب الميلاد، وامتحانات أولادي، أرجو النصيحة؟,أقول وبالله التوفيق: عليك بكثرة الإحسان له والتلطف معه مع الدعاء والصبر، فعادة توتر العلاقات مدة بين الأزواج وتحتاج إلى حكمة، والله أعلم.
280,9904,العبادات,Acts of Worship,الطهارة,رؤية الطهر قبل انتهاء مدة النفاس,أنا نفساء لي شهرتقريباً، البارحة نزل سائل شفاف و هو القصة البيضاء، و تطهرت و صار جماع، و اليوم رجعت شفت قليل جدا من الدم، هل علينا اثم؟,أقول وبالله التوفيق: نسأل الله تعالى العفو؛ لأنه إن رجع الدم في الأربعين فأنت ما زلت نفساء، والله أعلم.
281,9934,الزواج والطلاق والنفقات,"Marriage, Divorce, and Expenditures",الزواج,ما يترتب على الزواج بدون ولي,إذا تزوجت الفتاة من الكفؤ ، بمهر المثل أو المحدد، دون إذن وليها، فهل يحتمل أن لا يبارك الله في زواجهما لأنها تزوجت بغير موافقة وليها؟,أقول وبالله التوفيق: الفتوى على عدم صحة العقد للفتاة بلا ولي، فلا بد من تجديده مع الولي حتى يصح، والله أعلم.
282,9970,المعاملات والأمانات,Transactions and Trusts,البيع,أخذ ثمن من الزبون أكثر من المتفق عليه مع التاجر,أنا تاجر قطع للسيارات، فيقوم الميكانيكي بأخذ القطعة مني على حساب (10دنانير) مثلاً، ثم يأتي بزَبونه فيقول لي أمامه: خذ منه (١٥) دينارا، ثم يأتي بعدها لوحده ويأخذ مني الخمس دنانير، فهل هذا حلال؟,أقول وبالله التوفيق: هذا يحرم لما فيه من الغش والخيانة للزبون، ولا بد أن يكون السعر واحداً لهم جميعاً، والله أعلم.
283,9997,الزواج والطلاق والنفقات,"Marriage, Divorce, and Expenditures",الطلاق,طلب المرأة الطلاق قبل الدخول,شاب خطب فتاة بعقد ومهر وذهب بقيمة خمسة آلاف دينار، واشترى لها فترة الخطبة بألفي دينار تقريباً، وعند الزواج يكمل قيمة الذهب، إلا أنَّ الفتاة بعد شهرين أرادت الإنفصال وفسخ العقد، فماذا يترتب عليها وعلى الخاطب ، وهل تتنازل عن مهرها لأنها هي تريد الإنفصال؟,أقول وبالله التوفيق:يمكنها أن تتوافق مع الزوج على الخلع بحيث ترجع له جميع ما دفع مقابل أن يطلقها، والله أعلم.
284,10012,الذكر والتزكية والأخلاق,"Remembrance, Purification, and Ethics",العلاقات الزوجية,التعامل مع الرجل المزواج,إذا كان الزّوج مزواج يتزوّج ويطلّق، وهذا يؤثر على مصاريف أم الأولاد من ناحية المتطلبات الأساسية مثل فواتير الكهرباء وإيجار المنزل فما العمل مع هذا الزوج؟,أقول وبالله التوفيق: عليها بالصبر والاستعانة بالله تعالى، ويلزمها أن تدخل أهل الفضل والخير لنصيحة الزوج وإصلاح حاله، والله أعلم.
285,10026,الحظر والإباحة واللباس والزينة,"Prohibition, Dress, and Adornment",التزين واللباس,لبس المرأة باروكة طبيعية مصنوعة من شعرها,هل يجوز للمرأة أن تصنع باروكة من شعر نفسها وتلبسها هي فقط؟,أقول وبالله التوفيق: الأصل أن لا تجوز الباركوة من الشعر الطبيعي، وإنما من الشعر الصناعي فحسب، والله أعلم.
286,10042,المعاملات والأمانات,Transactions and Trusts,البيع,الاستصناع بقرض ربوي,نجّارٌ أتاه زبون يطلب صنع شيءٍ ما، وأخبره أنّه وضع له في حسابه عشرة آلافٍ عند شركة الخشب؛ ليستخدمها في صنع المطلوب، والمشكلة أنّ الزبون ذهب إلى البنك وطلب (كريدت كارت) واقترض من خلاله المبلغ المطلوب، وسيدفعه للبنك الربوي على شكل أقساط، فهل يجوز للنجّار قَبول المبلغ وإنجاز العمل أم لا؟,أقول وبالله التوفيق: النجار يستحق المبلغ جزاء عمل مباح يقوم به، ولا يضره مصدر المال للزبون ما لم يكن مسروقاً، والله أعلم.
287,10074,الحظر والإباحة واللباس والزينة,"Prohibition, Dress, and Adornment",الحظر والإباحة,التخلص من الكسب الحرام,شخصٌ كان من أسوء النّاس وكل أمواله جمعها من الطريق المحرّم مثل القمار والربا، ثم تاب بعد ذلك، فماذا يفعل بأمواله المكتسبة من القمار والربا والحرام؟,أقول وبالله التوفيق: عليه أن يتصدق بكل مال حرام كسبه؛ لأنه خبيث ولا يجوز الانتفاع به، والله أعلم.
288,10089,الحظر والإباحة واللباس والزينة,"Prohibition, Dress, and Adornment",الحظر والإباحة,العمل في منظمة الأمم المتحدة,ما حكم العمل لدى منظمة الأمم المتحدة كمهندس مسؤول عن تحسين النظام الصحي في البلدان العربية؟,أقول وبالله التوفيق: إن لم يكن العمل فيه مضرة للمسلمين، فيكون مباحاً، والكسب منه طيباً، والله أعلم.
289,10118,الزواج والطلاق والنفقات,"Marriage, Divorce, and Expenditures",الطلاق,قال لزوجته: تختاريني أو تختاري والديك,رجلٌ يُمازح زوجته و ليس بينهما مشاكل وأمورهم مع بعض جيدة، فقال لزوجته: تختار ينني أو تختاري والديكي، قاصداً الطلاق، فقالت: اختار والديّ، وهي لا تعلم أن الزوج قصد به الطلاق، هل يعتبر هذا تفويض بالطلاق، وهل يقع بهذا طلاق بائن؟,أقول وبالله التوفيق: الاختيار من الزوجة هو توكيل وتفويض لها من الزوج بالطلاق، ولا بد فيه من العلم بالتوكيل، ولا يتحقق التوكيل بصورة الممازحة هذه لعدم تحقق العلم بالتوكيل من الزوجة، والله أعلم.
290,10139,الحظر والإباحة واللباس والزينة,"Prohibition, Dress, and Adornment",التزين واللباس,قص الشعر الأبيض من اللحية,رجلٌ عنده بعض الشّعرات البيضاء في لحيته فهل يجوز له قصها؟,أقول وبالله التوفيق: يجوز له قصها أو نتفها بلا كراهة؛ لعدم المانع من ذلك، والله أعلم.
291,10162,الحظر والإباحة واللباس والزينة,"Prohibition, Dress, and Adornment",الحظر والإباحة,العمل في المقاهي,ما حكم العمل في مقهى كافتيريا؟,<p>أقول وبالله التوفيق: العمل مباح في نفسه؛ لأنه مجرد خدمة، والإثم يكون على فاعل المعصية، وهو من يقوم بالمكروهات أو المحرمات، والله أعلم</p>
292,10174,الزواج والطلاق والنفقات,"Marriage, Divorce, and Expenditures",الزواج,الإجبار على الزواج,هل يجوز عقد القران بالإجبار من قبل أهل الطرفين سواء الرجل أو المرأة، علماً أنهما بالغين فوق سن (١٨) سنة، وتم عقد القران لهما بالإجبار والضرب على الطرفين وكلاهما لا يريدان بعضهما البعض؟,<p>أقول وبالله التوفيق: لا يجوز الإجبار على النكاح، وإن أثبت الزوجان أو أحدهما عند القاضي تحقق الإجبار، فإن القاضي يفسخ العقد، والله أعلم.</p>
293,10177,العبادات,Acts of Worship,الزكاة,    اشتراط الإسلام لوجوب الزكاة,    هل تجب الزكاة على الكافر؟,    أقول وبالله التوفيق: لا تجب الزّكاة على الكافر؛ لأنّه يُشترط لوجوب الزّكاة الإسلام؛ لأنّها عبادةٌ محضةٌ؛ لكونها أحد أركان الدّين، والكافر ليس بمُخاطب، فلا تجب عليه كما لا تجب عليه سائر أركان الدّين، كما في تبيين الحقائق 1: 252، والله أعلم.
294,10239,العبادات,Acts of Worship,الزكاة,شراء الأرض بنية بيعها,اشتريت أرضاً بنيّة أن أبيعها، فهل يجب عليّ زكاتها؟,أقول وبالله التوفيق: يجب عليك زكاتها؛ لأنَّ الشّراء يُعتبر سبباً إختيارياً للملك، واقترنت به نيَّة التِّجارة زمان حدوثِ سبب الملك، وهذا مُوجب للزّكاة في عروض التّجارة، فإنّه لا تجب زكاتها إلا إذا دخلت في ملك المشتري بنيّة بيعها، بخلاف ما إذا اشتريتها بنية تأجيرها أو اقتنائها ثمّ بيعها في المستقبل، فإنّها لا تعتبر نيّة تجارة؛ لأنّ الوقت المعتبر للنية هو وقت حدوث سبب الملك، وهو في هذا الوقت نواها للإجارة أو الإقتناء لا للبيع، والله أعلم.
295,10431,الحظر والإباحة واللباس والزينة,"Prohibition, Dress, and Adornment",الحظر والإباحة,العمل كمندوب مبيعات في شركة دخان,ما حكم العمل كمندوب مبيعات في شركة دخان؟,<p>أقول وبالله التوفيق: يكره شرب الدخان كراهة تحريم إثم، وكسب بيعه خبيث لا يحل الانتفاع به، والعمل في ترويجه كبيعه لا يحل، ويكون كسبه خبيثاً، والله أعلم.</p>
296,10498,العبادات,Acts of Worship,الصلاة,إمامة الألثغ,هل يوجد قول في المذهب الحنفي يصح العمل به يصحح الاقتداء بمن يعجز عن نطق أحرف العربية بشكل صحيح بالقراءة، يعني مثل الألثغ؟,<p>أقول وبالله التوفيق: ذكر في البحر1: 289: وإمامة الألثغ لغيره ذكر الفضيلي أنها جائزة وصحح في المجتبى عدم الجواز، &nbsp;وفي رد المحتار1: 582: وفي الظهيرية وإمامة الألثغ لغيره تجوز، وقيل لا، ونحوه في الخانية عن الفضلي. وظاهره اعتمادهم الصحة، وكذا اعتمدها صاحب الحلية، قال لما أطلقه غير واحد من المشايخ من أنه ينبغي له أن لا يؤم غيره، ولما في خزانة الأكمل: وتكره إمامة الفأفاء اهـ ولكن الأحوط عدم الصحة كما مشى عليه الحصكفي ونظمه في منظومته تحفة الأقران، وأفتى به الخير الرملي وقال في فتاواه: الراجح المفتى به عدم صحة إمامة الألثغ لغيره ممن ليس به لثغة، والله أعلم.</p>
297,10511,الحظر والإباحة واللباس والزينة,"Prohibition, Dress, and Adornment",الطب,ترك مريض السرطان للعلاج,إذا أصيب شخص بمرض السرطان ولم يأخذ علاج كيماوي له، واكتفى مثلاً بالمسكّنات؛ لأن الكيماوي يدمّر أكثر من أن يعالج، فهل يأثم بترك العلاج؟,<p>أقول وبالله التوفيق: التداوي جائزٌ لا واجب، فمن ترك المعالجة فمات لم يمت عاصياً؛ لأنّه ليس في ترك المعالجة إهلاك النفس، إذ ربما يصح من غير معالجة وربما لا تنفعه المعالجة، بالتالي لا إثم في تركه للعلاج، كما في فتح باب العناية 5: 281. والله أعلم.<br>&nbsp;</p>
298,10519,الزواج والطلاق والنفقات,"Marriage, Divorce, and Expenditures",الزواج,إرضاع المرأة لأخيها,هل يجوز للمرأة أن ترضع أخاها؟,<p>أقول وبالله التوفيق: إن كان لها أخ عمره أقل من سنتين جاز إرضاعه منها، والله أعلم.</p>
